No.,Company,Source list,Area / Office,Zone / Nearest Station,Sector / Technology,Status,HR Email,General Email,Phone,Website,Careers Page,Confidence,Notes,Source
1,FynTune Solution Pvt Ltd,Navi Mumbai 100,"Turbhe MIDC / Arihant Aura, Turbhe",Turbhe,"Insurance technology platforms, web/API platforms for insurers and intermediaries",AUDIT PASSED,Not found,"devendrabatra@fyntune.com (CEO, publicly listed)",Not found,https://www.fyntune.com/,https://www.fyntune.com/contact.html (no separate careers page found),HIGH,Not found (no public internship posting confirmed),https://www.fyntune.com/contact.html ; https://internshala.com/company/fyntune-solution-private-limited-1525259280/ ; https://in.linkedin.com/company/fyntune-solution
2,Nelito Systems Ltd,Navi Mumbai 100,"Empire Tower, Reliable Tech Park, Thane-Belapur Road, Airoli",Airoli,"Banking/financial services software (core banking, lending, microfinance), government IT projects; Java-heavy stack",AUDIT PASSED,Not found,marketing@nelito.com,+91 22 6731 4444,https://www.nelito.com/,https://www.nelito.com/careers.html,HIGH,Careers page lists current openings - verify live,https://www.nelito.com/contact.html ; https://www.nelito.com/careers.html ; https://www.nelito.com/news/nelito-systems-ltd-moves-to-a-new-corporate-headquarters-in-airoli-navi-mumbai.html
3,Intelegain Technologies Pvt Ltd,Navi Mumbai 100,"Akshar Bluechip IT Park, Turbhe MIDC",Turbhe,"Custom software development, web/mobile apps, .NET & Microsoft stack, cloud, digital transformation",AUDIT PASSED,careers@intelegain.com,contactus@intelegain.com,+91 22 62596100 / +91 22 62596124,https://www.intelegain.com/,https://www.intelegain.com/careers/,HIGH,Careers page active - verify live,https://www.intelegain.com/locations/ ; https://www.intelegain.com/careers/ ; https://in.linkedin.com/company/intelgain-technologies-pvt-ltd
4,NeoSOFT Pvt Ltd,Navi Mumbai 100,"Gigaplex IT Park Bldg 4 (Airoli West) + Sigma IT Park Unit 501, Rabale",Airoli (Gigaplex) / Rabale (Sigma IT Park),"Custom software, web & mobile, Java, Python, .NET, PHP, cloud, DevOps, QA",AUDIT PASSED,careers@neosofttech.com ; recruitment@neosofttech.com,Not found,Not found,https://www.neosofttech.com/,https://www.neosofttech.com/careers/ and https://careers.neosofttech.com/,HIGH,Yes - internship vacancies listed on Internshala; fresher drives advertised,https://www.neosofttech.com/careers/ ; https://www.neosofttech.com/offices/rabale-mumbai/ ; https://internshala.com/internships/internship-at-neosoft-technologies/ ; https://university.neosofttech.com/site/signup ; https://www.freejobalert.com/neosoft-technologies/22862/
5,Maxgen Technologies Pvt Ltd,Navi Mumbai 100,"Ambiance Court, Sector 19E, Vashi (also listed at Platinum Techno Park, Sector 30)",Vashi,"Web & app development, Java, Python, ML/AI, Data Science, .NET, Android, PHP, software testing",AUDIT PASSED,Not found,info@maxgentechnologies.com,9099039845 / 8758888221,https://www.maxgentechnologies.com/,https://www.maxgentechnologies.com/internship and https://www.maxgentechnologies.com/career,HIGH,Yes - runs a standing internship programme with a dedicated internship page,https://www.maxgentechnologies.com/internship ; https://www.maxgentechnologies.com/contact ; https://www.freshersworld.com/jobs/internship-jobs-in-navi-mumbai-maxgen-technology-pvt-ltd-772689 ; https://www.placementindia.com/job-detail/data-science-internship-jobs-in-mumbai-kopar-khairane-mumbai-vashi-mumbai-for-maxgen-technology-pvt-ltd-941128.htm
6,Arrk Solutions Pvt Ltd (Arrk Group India),Navi Mumbai 100,"Bldg No. 5, Sector 2, Millennium Business Park, Mahape",Ghansoli,"Web & mobile application development, Python, Java, PHP, cloud (AWS), DevOps, ML",AUDIT PASSED,Not found,talktous@arrkgroup.com,+91 22 2778 4200,https://www.arrkgroup.com/,https://www.arrkgroup.com/careers/arrk-india-careers/,HIGH,Careers page active - verify live,https://www.arrkgroup.com/contact-us/ ; https://www.arrkgroup.com/careers/arrk-india-careers/ ; https://www.zaubacorp.com/ARRK-SOLUTIONS-PRIVATE-LIMITED-U72900MH2002FTC135091
7,Maxval Technologies Pvt Ltd,Navi Mumbai 100,"ITC Bldg 5th Floor, CBD Belapur Station Complex, Sector 11",CBD Belapur,"Custom software development, enterprise applications, web development",AUDIT PASSED,Not found,Not found (contact form only at maxval.net/contact),Not found,https://www.maxval.net/,https://www.maxval.net/career,HIGH,Careers page active - verify live,https://www.maxval.net/ ; https://www.maxval.net/career ; https://www.maxval.net/contact ; https://www.naukri.com/maxval-technologies-pvt-ltd-recruiters ; https://www.sulekha.com/maxval-technologies-pvt-ltd-c-b-d-belapur-mumbai-contact-address
8,Trigun Infotech Pvt Ltd,Navi Mumbai 100,"13th Floor, Bay View Tower, Plot 7, Sector 11, CBD Belapur",CBD Belapur,"Maritime/shipping software - Planned Maintenance System, Crew Management, ERP, Inventory, HRMS; custom app development",AUDIT PASSED,Not found,info@triguninfotech.com,+91 22 45251000,https://www.triguninfotech.com/,https://www.triguninfotech.com/ (Career section),HIGH,Career section exists on site - verify live,https://www.triguninfotech.com/contact-us ; https://www.triguninfotech.com/ ; https://www.triguninfotech.com/products
9,Allerin Tech Pvt Ltd,Navi Mumbai 100,"Shiv Chambers, Plot 21, Sector 11, CBD Belapur (also listed Matrushree, Sector 14)",CBD Belapur,"AI, machine learning, computer vision, data engineering, IoT, big data",AUDIT PASSED,Not found,Not found,+91-22-61846184,https://www.allerin.com/,https://www.allerin.com/careers,HIGH,Careers page lists open positions - verify live,https://www.allerin.com/careers ; https://in.linkedin.com/company/allerintech ; https://www.dnb.com/business-directory/company-profiles.allerin_tech_private_limited.d26a367b0d3f398f48b478458b81912c.html ; https://www.naukri.com/allerin-tech-jobs-careers-1877544
10,Web Werks India Pvt Ltd (Iron Mountain Data Centers),Navi Mumbai 100,"Unit 901, Sigma IT Park, Plot R-203/204, TTC MIDC, Sector 8, Rabale",Rabale,"Data centres, colocation, cloud hosting, managed services, infrastructure/DevOps",AUDIT PASSED,Not found,Not found,+91 8828 335 555,https://www.webwerks.in/,Not found,HIGH,Not found,https://www.webwerks.in/mumbai-data-center ; https://in.linkedin.com/company/web-werks-india-pvt-ltd
11,ideaForge Technology Ltd,Navi Mumbai 100,"Unit 702/704, Q2, Aurum Q Parc, TTC Industrial Area, Thane-Belapur Rd, Ghansoli",Ghansoli,"Unmanned aerial systems - embedded software, computer vision, backend platforms, data pipelines",AUDIT PASSED,Not found,Not found (enquiry form only),Not found,https://ideaforgetech.com/,https://internshala.com/company/ideaforge-technology-limited-1682318778/careers/,HIGH,Yes - internship and fresher opportunities advertised for the Navi Mumbai location,https://ideaforgetech.com/contactus ; https://in.prosple.com/graduate-employers/ideaforge-india ; https://internshala.com/company/ideaforge-technology-limited-1682318778/careers/
12,Dimensionless Technologies Pvt Ltd,Navi Mumbai 100,"CIBA, 6th Floor, Agnel Technical Complex, Sector 9A, Vashi",Vashi,"Artificial intelligence, machine learning, data science, analytics",AUDIT PASSED,Not found,info@dimensionless.in,+91 8108094992,https://www.dimensionless.ai/,Not found,HIGH,Not found,https://in.linkedin.com/company/dimensionless-tech ; https://tracxn.com/d/companies/dimensionless-technologies
13,Smartinfologiks,Navi Mumbai 100,"305/514 Hilton Centre, Sector 11, CBD Belapur",CBD Belapur,"Enterprise software development, MERN stack, digital solutions, IT consulting",AUDIT PASSED,Not found,admin@smartinfologiks.com ; sales@smartinfologiks.com,+91-9867948621 / +91-7400064691,https://www.smartinfologiks.com/,https://www.smartinfologiks.com/about/careers/,HIGH,Yes - actively recruiting Software Testers and MERN Stack Developers,https://www.smartinfologiks.com/about/contactus/ ; https://www.smartinfologiks.com/about/careers/
14,CitiusTech Healthcare Technology Pvt Ltd,Navi Mumbai 100,"Mindspace Bldg 14 (also 8 and 11), Serene Properties SEZ, Thane-Belapur Rd, Airoli; plus 203 Akshar Blue Chip IT Park, Turbhe MIDC",Airoli (main) / Turbhe (Akshar unit),"Healthcare IT - data management, digital engineering, AI, cloud, interoperability; Java/Python/cloud",AUDIT PASSED,Not found,Not found (contact form only),Not found,https://www.citiustech.com/,https://www.citiustech.com/careers/job-openings,HIGH,Job-openings portal active - verify live,https://www.citiustech.com/contact-us ; https://www.citiustech.com/careers/job-openings ; https://www.citiustech.com/about-us
15,Course5 Intelligence Ltd (C5i),Navi Mumbai 100,"Unit 302, 3rd Floor, Bldg 3, Mindspace SEZ, Thane-Belapur Rd, Airoli",Airoli,"Analytics, AI, data engineering, BI, market-research technology",AUDIT PASSED,Not found,Not found (contact form only),+91 22 40464300,https://www.c5i.ai/,https://www.instahyre.com/jobs-at-course5i/,HIGH,Openings listed via Instahyre/Indeed - verify live,https://www.c5i.ai/contact-us/ ; https://in.linkedin.com/company/course5i/ ; https://www.instahyre.com/jobs-at-course5i/
16,3i Infotech Ltd,Navi Mumbai 100,"Tower 5, 3rd-6th Floor, International Infotech Park, Vashi",Vashi,"IT services, application development (Java), BPS, cloud, digital, BFSI solutions",AUDIT PASSED,Not found,Not found,+91 22 71238000,https://www.3i-infotech.com/,https://www.3i-infotech.com/job-location/vashi-navi-mumbai/,HIGH,"Yes - Vashi-specific job-location page on own careers site, incl. Java Developer roles",https://www.3i-infotech.com/job-location/vashi-navi-mumbai/ ; https://www.globaldata.com/company-profile/3i-infotech-ltd/locations/
17,GeBBS Healthcare Solutions Pvt Ltd,Navi Mumbai 100,"Mindspace Bldg 5, 4th Office Level, Thane-Belapur Rd, Airoli",Airoli,"Healthcare revenue-cycle management, medical coding technology, healthcare data/analytics",AUDIT PASSED,careers@gebbs.com,Not found,022-39487535 / 32 / 37 / 40,https://gebbs.com/,https://gebbs.com/about-us/careers/ ; https://gebbs.com/about-us/careers/apply-now/,HIGH,Yes - continuous fresher/trainee hiring with walk-in interviews,https://gebbs.com/about-us/careers/ ; https://gebbs.com/about-us/careers/apply-now/ ; https://in.indeed.com/cmp/Gebbs-Healthcare-Solutions-Pvt.-Ltd---Airoli
18,Crafsol Technology Solutions Pvt Ltd,Navi Mumbai 100,"8th Floor, A Wing, Reliable Tech Park, Off Thane-Belapur Rd, Airoli",Airoli,"SAP, Microsoft stack, open source, analytics, end-to-end IT services",AUDIT PASSED,Not found,nirmal.jain@crafsol.com (named contact published on company site),Not found,https://crafsol.com/,Not found,HIGH,Not found,https://crafsol.com/contact-us/ ; https://in.linkedin.com/company/crafsol-technology-pvt-ltd
19,IRIS RegTech Solutions Ltd (formerly IRIS Business Services),Navi Mumbai 100,"T-231 Tower 2, 3rd Floor, International Infotech Park, Vashi + Plutonium Business Park, Turbhe MIDC",Vashi (IIP) / Turbhe (Plutonium),"Regulatory technology SaaS, XBRL, compliance platforms, data products; Java/Python/cloud",AUDIT PASSED,Not found,Not found (published address was redacted in indexed listing - verify on their contact page),Not found,https://www.irisbusiness.com/,https://www.irisbusiness.com/careers/,HIGH,Yes - Intern role advertised for Navi Mumbai; 25 Vashi openings indexed,https://www.irisbusiness.com/careers/ ; https://www.irisbusiness.com/contact/ ; https://bebee.com/in/jobs/intern-iris-business-services-limited-navi-mumbai-maharashtra--t7xk-766134709 ; https://internshala.com/company/iris-business-services-limited-1483439016/
20,Azentio Software Pvt Ltd,Navi Mumbai 100,"International Infotech Park, Tower 5, 4th-6th Floor, Vashi Railway Station Complex",Vashi,"BFSI software, core banking, insurance, ERP, AML/compliance products",AUDIT PASSED,Not found,legal@azentio.com (legal mailbox only - not for recruitment),Not found,https://www.azentio.com/,https://www.azentio.com/careers ; https://www.azentio.com/careers/join-us/,HIGH,Careers/open-roles pages active - verify live,https://www.azentio.com/careers ; https://www.azentio.com/careers/join-us/ ; https://opencorpdata.com/lei/254900FXTH0P1JWH8R30
21,Advin Softwares Pvt Ltd,Navi Mumbai 100,"Office No. 21, Ground Floor, Bhoomi Mall, CBD Belapur (Sector 15)",CBD Belapur,"ERP, CRM, HRMS, SupportDesk, PMS, custom software",AUDIT PASSED,Not found,Not found (address redacted in indexed listing - verify on their contact page),Not found,https://advinsoftwares.com/,https://advinsoftwares.com/ (Careers),HIGH,Yes - 2 opportunities posted; hiring since 2025,https://advinsoftwares.com/contact ; https://advinsoftwares.com/about ; https://internshala.com/company/advin-softwares-private-limited-1748063144/
22,MAIA Intelligence Pvt Ltd,Navi Mumbai 100,"319, Sector I, Bldg No. 2, 3rd Floor, Millennium Business Park, Mahape",Ghansoli,"Business intelligence, reporting and analytics products",AUDIT PASSED,Not found,Not found (only an email-pattern guess was available from a lead-gen site - deliberately NOT used),+91-22-66888933,http://www.maia-intelligence.com/,Not found,HIGH,Not found,https://in.linkedin.com/company/maia-intelligence ; https://www.cbinsights.com/company/maia-intelligence
23,Feligrat Global Solutions Pvt Ltd,Navi Mumbai 100,"501, Platinum Techno Park, Plot 17 & 18, Sector 30A, Vashi",Vashi,"Cloud services, cybersecurity, custom software development, SAP training, data science, Salesforce",AUDIT PASSED,Not found,Not found,+91 8928634351,https://feligrat.com/,Not found,HIGH,Not found,https://techbehemoths.com/company/feligrat-global-solutions-pvt-ltd ; https://in.linkedin.com/company/feligrat-global-solutions-pvt-ltd
24,Intelecorp Software (I) Pvt Ltd / Intelebiz,Navi Mumbai 100,"Office 101/102, 1st Floor, Monarch Plaza, Plot 56, Sector 11, CBD Belapur",CBD Belapur,"Custom software, e-commerce, web & mobile development, tax-preparation software, dealership management, telehealth",AUDIT PASSED,Not found,Not found (contact form at intelebiz.com/contact-us/),Not found,https://www.intelebiz.com/,https://www.intelebiz.com/jobs/,HIGH,Yes - own jobs section carries live postings,https://www.intelebiz.com/contact-us/ ; https://www.intelebiz.com/jobs/hr-recruitment-specialist/ ; https://in.linkedin.com/company/intelecorp
25,SpectaClicks Innovations (software division of LxGio India Pvt Ltd),Navi Mumbai 100,CBD Belapur,CBD Belapur,"Custom software development, front-end/web development, digital marketing",AUDIT PASSED,Not found,Not found (contact form at spectaclicks.com),Not found,https://www.spectaclicks.com/,Not found (postings via Indeed/SimplyHired),HIGH,"YES - Front End Developer Intern, CBD Belapur, 6-month internship with stipend, open to freshers","https://www.spectaclicks.com/ ; https://in.indeed.com/q-internship-l-cbd-belapur,-navi-mumbai,-maharashtra-jobs.html ; https://www.simplyhired.co.in/search?q=internship+for+students&l=cbd+belapur,+navi+mumbai,+maharashtra"
26,Neolite Infotech India Pvt Ltd,Navi Mumbai 100,"Shop 37, Sai Chambers, Plot 44, Sector 11, CBD Belapur",CBD Belapur,"Mobile app development, CRM, ERP, HRMS, school management software, sales-force automation, web development",AUDIT PASSED,Not found,info@neolite.in,Not found,https://neolite.in/,Not found,HIGH,Not found,https://neolite.in/contact-us/ ; https://neolite.in/about-us/ ; https://in.linkedin.com/company/neoliteinfotech
27,Prosper Technology Solutions,Navi Mumbai 100,"A-302, Swami Samarth, Plot 88, Sector 14, Kopar Khairane",Kopar Khairane,"Weighbridge software, database systems",FAILED AUDIT,Not found,Not found,Not found,Not found,Not found,HIGH,Not found,https://www.sulekha.com/software-companies/kopar-khairane-mumbai ; https://www.justdial.com/Navi-Mumbai/Corporate-Companies-For-IT-in-Kopar-Khairane/nct-11614388
28,Aimbeat Softech Pvt Ltd,Navi Mumbai 100,"1404 Haware Infotech Park, Sector 30A, Vashi + B-203 Sanpada Station Complex",Vashi (Haware) / Sanpada,"Web design, software development, mobile app development, API services, hosting, digital marketing",AUDIT PASSED,Not found,Not found (contact form),Not found,https://aimbeatsoftech.com/,https://aimbeatsoftech.com/career,HIGH,Careers page active - verify live,https://aimbeatsoftech.com/about-us ; https://aimbeatsoftech.com/career ; https://clutch.co/profile/aimbeat-softech
29,ANMsoft Technologies Pvt Ltd,Navi Mumbai 100,"4th Floor, Bldg No. 5, Sector 2, Millennium Business Park, Mahape (also Bldg 2, Sector 1)",Ghansoli,"Java and .NET software development, enterprise applications, mobility",AUDIT PASSED,Not found,Not found (contact form at anmsoft.com/contact-us.html),+91 22 66808500,https://www.anmsoft.com/,Not found,HIGH,Not found,https://www.anmsoft.com/contact-us.html ; https://in.linkedin.com/company/anmsoft-technologies ; https://www.thecompanycheck.com/company/anmsoft-technologies-private-limited/U72900MH2003PTC141213
30,Aurionpro Solutions Ltd,Navi Mumbai 100,"Synergia IT Park, Plot R-270, TTC Industrial Estate + Unit 603, Sigma IT Park, Plot R-203/204, Rabale",Rabale,"Banking & fintech platforms, transaction banking, lending, payments, cybersecurity, smart-city tech; Java-heavy",AUDIT PASSED,Not found,ce.enquiries@aurionpro.com (business enquiries mailbox),+91-22-4040-8080,https://www.aurionpro.com/,https://www.aurionpro.com/ (Careers) ; https://www.naukri.com/aurionpro-jobs-careers-1322,HIGH,Openings listed on Naukri/LinkedIn - verify live,https://ace.aurionpro.com/contact/ ; https://in.linkedin.com/company/aurionpro-solutions ; https://en.wikipedia.org/wiki/Aurionpro ; https://www.naukri.com/aurionpro-jobs-careers-1322
31,Mastek Ltd,Navi Mumbai 100,"A/7 Mastek Millennium Centre, Millennium Business Park, Mahape (also A/303, Sector 1)",Ghansoli,"Digital engineering, application development (Java, .NET), cloud, data, Oracle/Salesforce practices",AUDIT PASSED,Not found,Not found (contact form at mastek.com/contact-us/),Not found,https://www.mastek.com/,https://www.mastek.com/careers/ ; https://careers.mastek.com/,HIGH,Yes - careers portal and Mahape/Navi Mumbai openings indexed,"https://www.mastek.com/contact-us/ ; https://www.mastek.com/careers/ ; https://careers.mastek.com/ ; https://in.indeed.com/q-mastek-ltd,-navi-mumbai-l-mahape,-maharashtra-jobs.html"
32,Techvizo,Navi Mumbai 100,"Akshar Business Park B-1005, Plot 3, Sector 25, Vashi",Vashi,"Web development, PHP, WordPress, mobile app development",AUDIT PASSED,Not found,help@techvizo.com,+91 8282825584,https://www.techvizo.com/,https://www.techvizo.com/careers/,HIGH,"YES - actively seeking interns (0-1 years experience), Navi Mumbai",https://www.techvizo.com/careers/ ; https://www.techvizo.com/contact-us/ ; https://www.techvizo.com/about-us/
33,Ansha Software,Navi Mumbai 100,"Office 1108, Haware Infotech Park, Sector 30A, Vashi",Vashi,"Software development for the trucking/logistics industry, website design, mobile apps",AUDIT PASSED,hr@anshasoftware.com,Not found,Not found,Not found (listed via directories),Not found,HIGH,Not found,https://www.sulekha.com/ansha-software-vashi-mumbai-contact-address ; https://www.justdial.com/Mumbai/Ansha-Software-Opposite-Vashi-Railway-Station-Vashi/022PXX22-XX22-190730125700-T8Q3_BZDET
34,Emaginationz Technologies,Navi Mumbai 100,"403, J. K. Chamber, Plot 76, Sector 17, Vashi",Vashi,"Mobile app development, web design & development, open-source technologies, digital marketing",AUDIT PASSED,Not found,Not found (contact form at emaginationz.net/contact-us),Not found,https://www.emaginationz.net/,Not found,HIGH,Not found,https://www.emaginationz.net/contact-us ; https://in.linkedin.com/company/emaginationz-technologies ; https://www.indianyellowpages.com/navi-mumbai/emaginationz-technologies-vashi-navi-mumbai-1849981/
35,e2Serv Ventures Pvt Ltd (e2Serv Technologies),Navi Mumbai 100,"Sector 15, CBD Belapur (registered addresses at V Times Square 503 / Chawla Complex 204 / Belle Vista C-1003)",CBD Belapur,"Enterprise application delivery, ERP, payroll software, web technologies, Microsoft platforms",FAILED AUDIT,Not found,"raj0506@yahoo.com (listed on a B2B directory as the company contact - a personal-style address, treat with caution and prefer the website)",Not found,https://www.e2serv.com/,Not found,HIGH,Job postings indexed on Indeed - verify live,https://www.e2serv.com/ ; https://in.linkedin.com/company/e2serv-ventures-pvt-ltd- ; https://www.exportersindia.com/e2serv-ventures-navi-mumbai/about-us.htm ; https://in.indeed.com/cmp/E2serv-Ventures-Pvt.-Ltd.-3
36,LeapSwitch Networks Pvt Ltd,Navi Mumbai 100,"Unit 902, Sigma IT Park, Plot R-203/204, TTC MIDC, Rabale (Pune HQ)",Rabale,"Cloud servers, VPS, dedicated servers, colocation, managed hosting, Linux infrastructure, GPU/AI cloud",AUDIT PASSED,Not found,Not found (only an email-pattern guess was available from lead-gen sites - deliberately NOT used),+91-20-6760-1000 (Pune HQ line),https://leapswitch.com/,https://leapswitch.com/careers.php,HIGH,Yes - Linux System Admin Internship listed on Internshala (multiple locations); SEO Intern (3-month) also advertised,https://leapswitch.com/careers.php ; https://internshala.com/internship/detail/linux-system-admin-internship-in-multiple-locations-at-leapswitch-networks-private-limited1771325554 ; https://www.datacentermap.com/india/navi-mumbai/mumbai-dc1/specs/ ; https://in.linkedin.com/company/leapswitch-networks
37,Naaptol Online Shopping Pvt Ltd,Navi Mumbai 100,"Millennium Business Park area, Mahape (office listed opposite Rabale railway station)",Rabale,"E-commerce platform, web/app engineering, data, logistics tech",AUDIT PASSED,Not found,Not found,Not found,https://www.naaptol.com/,https://www.naaptol.com/aboutus/career.html,HIGH,Openings listed on Naukri for Navi Mumbai - verify live,https://www.naaptol.com/aboutus/career.html ; https://www.naukri.com/naaptol-jobs-careers-in-navi-mumbai-gid-713444
38,ILM Innovative Solutions Pvt Ltd,Navi Mumbai 100,"A-106, Technocity, Plot 4/1 & 4/2, opposite Millennium Business Park, TTC Industrial Area, Mahape",Ghansoli,"Application modernization, product development, user-centric design, market research",AUDIT PASSED,Not found,Not found,022 4215 3544,Not found,Not found,HIGH,Not found,https://www.tradeindia.com/ilm-innovative-solutions-pvt-ltd-5674988/ ; https://www.justdial.com/Mumbai/Ilm-Innovative-Solutions-Pvt-Ltd-Mahape/022PXX22-XX22-180626154132-Q9C2_BZDET
39,Intellect Bizware Services Pvt Ltd (a Nihilent company),Navi Mumbai 100,"Technocity, 6th Floor, opposite MBP, Mahape MIDC + H219 Tower 3, International Technology Centre, CBD Belapur Station Complex",Ghansoli (Mahape HO) / CBD Belapur,"SAP applications (ABAP, S/4HANA), enterprise consulting, value-added SAP solutions",AUDIT PASSED,Not found,Not found (contact form at intellectbizware.com/int-contact.html),Not found,https://intellectbizware.com/,https://in.indeed.com/cmp/Intellect-Bizware-Services-Pvt.-Ltd ; https://www.naukri.com/intellect-bizware-services-jobs-careers-682234,HIGH,Openings listed on Naukri/Indeed - verify live,https://intellectbizware.com/int-contact.html ; https://www.justdial.com/Navi-Mumbai/Intellect-Bizware-Services-Pvt-Ltd-Mahape/022PXX22-XX22-181127211719-J6M6_BZDET ; https://in.indeed.com/cmp/Intellect-Bizware-Services-Pvt.-Ltd
40,Accenture Solutions Pvt Ltd,Navi Mumbai 100,"Mindspace Serene Properties IT/ITES SEZ Bldg 2 (1st-4th Flr), Airoli + Gigaplex Bldg 6, Airoli Knowledge Park",Airoli,"Technology consulting, application development, cloud, data & AI, managed services",AUDIT PASSED,Not found,Not found,1 (877) 889 9009,https://www.accenture.com/in-en,https://www.accenture.com/in-en/careers,HIGH,Yes - large volume of Airoli openings indexed; summer internships offered,"https://www.accenture.com/in-en/careers ; https://www.sulekha.com/accenture-services-pvt-ltd-airoli-mumbai-contact-address ; https://www.mappls.com/a6aoi9 ; https://in.indeed.com/q-accenture,-mindspace-l-airoli,-navi-mumbai,-maharashtra-jobs.html"
41,Wipro Ltd,Navi Mumbai 100,"Unit 2, Bldg 7, Plot 3, Serene Properties, Mindspace SEZ, TTC Industrial Area, Airoli",Airoli,"IT services, application development, cloud, engineering services, digital",AUDIT PASSED,Not found,Not found,Not found,https://www.wipro.com/,https://careers.wipro.com/,HIGH,Airoli openings indexed - verify live,"https://www.sulekha.com/wipro-ltd-airoli-mumbai-contact-address ; https://in.indeed.com/q-wipro-l-airoli,-navi-mumbai,-maharashtra-jobs.html ; https://www.neosofttech.com/offices/rabale-mumbai/"
42,Capgemini Technology Services India Ltd,Navi Mumbai 100,"Airoli Knowledge Park IT3 & IT4 SEZ + Gigaplex Bldg 5 (Flr 6-8), Airoli; Capgemini Knowledge Park IT-1/IT-2",Airoli,"Application development (Java, .NET, cloud), digital engineering, data, testing",AUDIT PASSED,Not found,Not found,Not found,https://www.capgemini.com/in-en/,https://www.capgemini.com/in-en/careers/,HIGH,Yes - internships offered including .NET Core with Azure,https://www.capgemini.com/in-en/careers/lets-connect/our-offices/capgemini-mumbai/ ; https://www.capgemini.com/in-en/careers/contact-capgemini-india/our-offices/ ; https://www.mappls.com/9qg7tf
43,LTIMindtree Ltd,Navi Mumbai 100,"Mindspace SEZ (Serene Properties) Bldg 3 & 9, Thane-Belapur Rd, Airoli + Gigaplex Bldg 1 & 8",Airoli,"Technology consulting, digital solutions, application development, cloud, data",AUDIT PASSED,Not found,Not found,Not found,https://www.ltimindtree.com/,https://www.ltimindtree.com/careers/,HIGH,Openings indexed on Naukri - verify live,https://www.ltimindtree.com/careers/ ; https://yappe.in/maharashtra/navi-mumbai/ltimindtree/862374 ; https://properties.cityinfoservices.com/mindspace-airoli-east-building-3-airoli-mumbai/4mzv952/pjd
44,Cognizant Technology Solutions India Pvt Ltd,Navi Mumbai 100,"Mindspace Bldg 5 & 6, MIDC Industrial Area, Airoli + Gigaplex Bldg 9",Airoli,"Application development, cloud, data & AI, digital engineering, QA",AUDIT PASSED,talentattractteam@cognizant.com,Not found,Not found,https://www.cognizant.com/in/en,https://careers.cognizant.com/india-en/,HIGH,Airoli openings indexed - verify live,https://careers.cognizant.com/india-en/ ; https://www.sulekha.com/cognizant-technology-solutions-pvt-ltd-airoli-mumbai-contact-address ; https://www.contactnumbers.in/cts-airoli-navi-mumbai-company-profile-and-job-contacts/
45,IBM India Pvt Ltd,Navi Mumbai 100,"Mindspace Building, 6th Floor, near Airoli station, Thane-Belapur Rd, Airoli (Mindspace Bldg 5/6)",Airoli,"Cloud, AI (watsonx), consulting, software engineering, data platforms",AUDIT PASSED,Not found,Not found,Not found,https://www.ibm.com/in-en,https://www.ibm.com/in-en/careers ; https://www.ibm.com/in-en/careers/internships,HIGH,Yes - IBM runs a standing internship programme,"https://www.ibm.com/in-en/careers/internships ; https://www.justdial.com/jdmart/Mumbai/IBM-India-Pvt-Ltd-Near-Airoli-Station-Airoli/022PXX22-XX22-131212172659-R2M4_BZDET/catalogue ; https://in.indeed.com/q-ibm-l-airoli,-navi-mumbai,-maharashtra-jobs.html"
46,Tech Mahindra Ltd,Navi Mumbai 100,"9th Floor, Empire Tower, Reliable Cloud City, Gavate Wadi MIDC, Airoli",Airoli,"IT services, network/telecom engineering, cloud, application development",AUDIT PASSED,Not found,Not found (contact form at techmahindra.com/contact-us/),Not found,https://www.techmahindra.com/,https://careers.techmahindra.com/,HIGH,Navi Mumbai openings indexed - verify live,https://www.techmahindra.com/contact-us/ ; https://www.jobhai.com/tech-mahindra-jobs-in-navi-mumbai-ccmp ; https://businessesbase.com/reliable-tech-park-airoli-navi-mumbai/
47,HCL Technologies Ltd,Navi Mumbai 100,"703-A, 7th Floor, Reliable Tech Park, Gut 31 Kalwa Industrial Area, Airoli",Airoli,"IT services, engineering & R&D services, cloud, application development",AUDIT PASSED,Not found,Not found,Not found,https://www.hcltech.com/,https://www.hcltech.com/careers,HIGH,Not found for this specific site,https://www.justdial.com/jdmart/Mumbai/HCL-Technologies-Ltd-Gut-31-Kalwa-Industrial-Area-Airoli/022PXX22-XX22-210318105947-X3W2_BZDET/catalogue ; https://businessesbase.com/reliable-tech-park-airoli-navi-mumbai/
48,L&T Technology Services Ltd (LTTS),Navi Mumbai 100,"Bldg 3 (2nd & 5th Flr) Mindspace Airoli East + 8th Floor Bldg 1, Mindspace, Thane-Belapur Rd, Airoli",Airoli,"Engineering & R&D services, embedded software, product engineering, digital, IoT",AUDIT PASSED,Not found,Not found (contact form at ltts.com/contact-us),+91 22 6105 8000,https://www.ltts.com/,https://www.ltts.com/careers,HIGH,Not found for this specific site,https://www.ltts.com/contact-us ; https://www.mappls.com/0hc9uv ; https://properties.cityinfoservices.com/mindspace-airoli-east-building-3-airoli-mumbai/4mzv952/pjd
49,eClerx Services Ltd,Navi Mumbai 100,"Bldg 11 (4th-7th Flr), K Raheja Mindspace, Plot 3, TTC Industrial Area, Thane-Belapur Rd, Airoli (East) + Bldg 14",Airoli,"Data management, analytics, digital operations, automation, productisation",AUDIT PASSED,Not found,Not found (contact form at careers.eclerx.com/Static/ContactUs),Not found,https://www.eclerx.com/,https://careers.eclerx.com/,HIGH,Yes - regular walk-in drives open to 0-2 years / freshers,"https://careers.eclerx.com/ ; https://careers.eclerx.com/Static/ContactUs ; https://in.indeed.com/q-eclerx-l-airoli,-navi-mumbai,-maharashtra-jobs.html ; https://www.freshersvoice.com/eclerx-walk-in-drive"
50,WNS Global Services Pvt Ltd,Navi Mumbai 100,"SEZ Plot 3, Bldg 14 (1st-2nd Flr), Airoli Mindspace + Rupa Solitaire / 319 Millennium Business Park, Mahape",Airoli (Mindspace) / Ghansoli (Mahape),"Business process management, analytics, automation, digital transformation",AUDIT PASSED,Not found,Not found,+91 22 6285 3101,https://www.wns.com/,https://www.wnscareers.com/newcareers/india.html,HIGH,Airoli openings indexed - verify live,"https://www.wnscareers.com/newcareers/india.html ; https://www.wns.com/about-us/careers ; https://in.indeed.com/q-wns-global-services-l-airoli,-navi-mumbai,-maharashtra-jobs.html"
51,CRISIL Ltd (an S&P Global company),Navi Mumbai 100,"Mindspace Airoli East Bldg 5 & 6, Plot 3, Kalwa TTC Industrial Area, near Airoli station",Airoli,"Analytics, risk models, data platforms, research technology, Python/SQL",AUDIT PASSED,Not found,Not found,Not found,https://www.crisil.com/,https://career.crisil.com/crisil/ ; https://www.crisil.com/en/home/careers.html,HIGH,Openings indexed on Naukri - verify live,https://career.crisil.com/crisil/ ; https://www.crisil.com/en/home/careers.html ; https://properties.cityinfoservices.com/mindspace-airoli-east-building-5-amp-6-airoli-mumbai/5eg8r4i/pjd
52,Hexaware Technologies Ltd,Navi Mumbai 100,"Bldg 1, Millennium Business Park, Sector 2/3 TTC Industrial Area, Mahape + Loma IT Park Ghansoli + Aurum Q Parc Q1, Ghansoli",Ghansoli,"Digital transformation, cloud, automation, data & analytics, application development",AUDIT PASSED,Not found,Not found (contact form at hexaware.com/contact-us/),Not found,https://hexaware.com/,https://jobs.hexaware.com/ ; https://careers.hexaware.com/career/,HIGH,Yes - 48 internship vacancies listed via Internshala; fresher walk-in drives run regularly,https://jobs.hexaware.com/ ; https://internshala.com/internships/internship-at-hexaware/ ; https://in.prosple.com/graduate-employers/hexaware-technologies ; https://www.mappls.com/8sb35s
53,Sify Technologies Ltd,Navi Mumbai 100,"UVAT 251, 5th & 6th Floor, International Infotech Park, Sector 30, Vashi",Vashi,"Data centres, cloud, managed network services, colocation, DRaaS, CDN",AUDIT PASSED,Not found,Not found,Not found,https://www.sifytechnologies.com/,Not found,HIGH,Not found,https://www.sifytechnologies.com/us/data-center/mumbai-data-center/vashi-data-center/ ; https://datacenterhawk.com/marketplace/providers/sify-technologies-limited/international-infotech-park-swami-pranabananda-marg-sector-30-vashi-navi-mumbai-maharashtra-400703-india/mumbai-01-vashi
54,HERE Solutions India Pvt Ltd (HERE Technologies),Navi Mumbai 100,"Unit 901, 9th Floor, Bldg 4, Gigaplex Estate SEZ, IT Plot 5, Airoli Knowledge Park, Airoli West",Airoli,"Mapping and location platforms, geospatial data engineering, backend services, ML",AUDIT PASSED,Not found,Not found,Not found,https://www.here.com/,https://www.here.com/careers,HIGH,Yes - 9-12 Airoli openings indexed,"https://www.here.com/about/here-offices/airoli ; https://www.here.com/about/here-offices/navimumbai ; https://in.indeed.com/q-here-technologies-l-airoli,-navi-mumbai,-maharashtra-jobs.html"
55,NEC Software Solutions (India) Pvt Ltd (formerly Rave Technologies),Navi Mumbai 100,"Unit 301A, Bldg 3, Gigaplex SEZ, Plot IT-5, Airoli Knowledge Park, TTC Industrial Area, Airoli",Airoli,"Application development, IT consulting, cloud & infrastructure, SAP, Salesforce",AUDIT PASSED,Not found,Not found (contact form at necsws.com/india/contact/),+91 22 68790200,https://www.necsws.com/india/,https://www.necsws.com/india/ (Careers),HIGH,25 Airoli openings indexed - verify live,"https://www.necsws.com/india/contact/ ; https://www.necsws.com/india/about-us/ ; https://in.indeed.com/q-nec-software-solutions-india-l-airoli,-navi-mumbai,-maharashtra-jobs.html"
56,Atos (Atos Syntel) / Eviden,Navi Mumbai 100,"7th Floor, Bldg 4, Mindspace, Thane-Belapur Rd, opposite Airoli railway station + Gigaplex Bldg 3",Airoli,"Application development, cloud, digital, managed services, testing",AUDIT PASSED,Not found,Not found,Not found,https://atos.net/,https://jobs.atos.net/go/Jobs-in-Mumbai/3677801/,HIGH,Yes - frequent fresher/entry-level walk-in drives at Airoli,"https://jobs.atos.net/go/Jobs-in-Mumbai/3677801/ ; https://in.indeed.com/q-atos-syntel,-fresher-l-airoli,-navi-mumbai,-maharashtra-jobs.html ; https://careerforfreshers.com/walk-in-jobs/atos-syntel-mega-walk-in-interview-2025-12th-feb-13th-february/"
57,Teradata India Pvt Ltd,Navi Mumbai 100,"3rd Floor, Bldg 5, Serene Properties, Mindspace, Thane-Belapur Rd, Airoli East",Airoli,"Cloud data warehousing, analytics platform engineering, SQL, Python, cloud",AUDIT PASSED,Not found,Not found,+91-22-61050100,https://www.teradata.com/,https://careers.teradata.com/,HIGH,Not found,https://www.teradata.com/about-us/office-locations/airoli-navi-mumbai ; https://properties.cityinfoservices.com/mindspace-airoli-east-building-5-amp-6-airoli-mumbai/5eg8r4i/pjd
58,AppZime Technologies Pvt Ltd,Navi Mumbai 100,"Office 1106, 11th Floor, Kamdhenu Commerz, Sector 14, Kharghar",Kharghar,"Web & mobile app development, AI, cloud & DevOps, UI/UX, IT staffing; FinTech, e-commerce, logistics, healthcare clients",AUDIT PASSED,careers@appzime.com,Not found (contact form at appzime.com/contact-us/),Not found,https://appzime.com/,https://appzime.com/career/,HIGH,Careers page active - verify live,https://appzime.com/career/ ; https://appzime.com/contact-us/ ; https://internshala.com/company/appzime-technologies-1766536260/ ; https://techbehemoths.com/company/appzime-technologies-pvt-ltd
59,Terra Edge Soft Pvt Ltd (TerraEdge / TerraEdgeSoft.ai),Navi Mumbai 100,"101 Hallmark, Plot 149, Sector 28, Vashi",Vashi,"Enterprise AI/ML systems, pre-trained APIs, automation, sentiment analysis, predictive analytics, network services",AUDIT PASSED,Not found,hello@terraedgesoft.ai ; contact@terraedgesoft.com,09892700307,https://terraedgesoft.com/,https://terraedgesoft.com/careers,HIGH,Careers page active - verify live,https://terraedgesoft.com/contact/ ; https://terraedgesoft.com/about/ ; https://terraedgesoft.com/services/
60,Parivartan AI,Navi Mumbai 100,Airoli (pincode 400708) - exact street address not published,Airoli,"AI application development, business automation, SaaS product development, ERP/CRM, backend architecture, cloud",FAILED AUDIT,Not found,Not found,"Not found (a number appeared in a directory listing but was malformed, so it is not reported here)",https://parivartanai.com/,Not found,HIGH,Not found,https://parivartanai.com/ai-automation-company/navi-mumbai ; https://techbehemoths.com/companies/navi-mumbai ; https://techreviewer.co/companies/parivartan-ai
61,Vayutech Global Solutions Pvt Ltd,Navi Mumbai 100,"E-91 Raghav, Sector 3, Kharghar (registered office)",Kharghar,"Web development, SEO/digital marketing, IT solutions",FAILED AUDIT,Not found,Not found (only a masked address appeared in a lead-gen listing - deliberately NOT reconstructed),Not found,https://vayutechsolutions.com/,Not found,HIGH,Not found,https://vayutechsolutions.com/ ; https://in.linkedin.com/company/vayutechglobal ; https://www.indiafilings.com/search/vayutech-global-solutions-private-limited-cin-U62013MH2025PTC439976
62,Jio Platforms Ltd / Reliance Jio Infocomm Ltd,Navi Mumbai 100,"Reliance Corporate Park (RCP), Thane-Belapur Road, Ghansoli",Ghansoli,"Telecom networks, cloud platforms, AI, digital services, large-scale backend engineering",AUDIT PASSED,Not found,Not found,Not found,https://www.jio.com/,https://careers.jio.com/,HIGH,Openings indexed for Ghansoli - verify live,https://en.wikipedia.org/wiki/Jio_Platforms ; https://www.mappls.com/11beep ; https://in.indeed.com/cmp/Reliance-Jio-Infocomm-Ltd-Navi-Mumbai ; https://www.naukri.com/reliance-ghansoli-jobs-in-mumbai
63,Sutherland Global Services,Navi Mumbai 100,"4th-6th Floor, Liberty Tower, Reliable Plaza IT Park, Kalwa Industrial Area, Thane-Belapur Rd, Airoli + Mindspace Bldg 9 + Gigaplex Bldg 9",Airoli,"Digital operations, automation, analytics, CX technology",AUDIT PASSED,Not found,Not found,Not found,https://www.sutherlandglobal.com/,https://www.jobs.sutherlandglobal.com/india,HIGH,Yes - continuous fresher hiring and walk-in drives at Airoli,https://www.jobs.sutherlandglobal.com/india ; https://www.sulekha.com/sutherland-global-services-airoli-mumbai-3202635-contact-address ; https://alexahire.in/sutherland-walk-in-drive-in-mumbai-2/
64,SS&C Technologies / SS&C GlobeOp Financial Services Technologies (India) Pvt Ltd,Navi Mumbai 100,"3rd & 4th Floor Office Level, Bldg 5 & 6, Mindspace SEZ, Thane-Belapur Rd, Airoli",Airoli,"Fund administration technology, financial services software, data platforms; SQL/Java/.NET",AUDIT PASSED,Not found,Not found,Not found,https://www.ssctech.com/,https://www.ssctech.com/careers/join-ssc,HIGH,Yes - 25-30 Airoli openings indexed; 29 open positions on Glassdoor,"https://www.ssctech.com/careers/join-ssc ; https://www.ssctech.com/about/offices ; https://in.indeed.com/q-ss&c-technologies-l-airoli,-navi-mumbai,-maharashtra-jobs.html ; https://foursquare.com/v/ssc-globeop/50aa3155e4b025015d0ba8c8"
65,CMS Info Systems Ltd,Navi Mumbai 100,"No. 115, Millennium Business Park, Mahape/Ghansoli + T-151, 5th Floor, Tower 10, Railway Station Complex, Sector 11, CBD Belapur",Ghansoli (MBP) / CBD Belapur,"Cash management technology, ATM/retail software, IoT, managed IT services",AUDIT PASSED,Not found,Not found (contact form at cms.com/contact),Not found,https://www.cms.com/,https://www.instahyre.com/jobs-at-cms-info-systems/ ; https://www.naukri.com/cms-info-systems-jobs-careers-79522,HIGH,Openings listed via Instahyre/Naukri - verify live,https://www.cms.com/contact ; https://www.sulekha.com/cms-info-systems-pvt-ltd-ghansoli-mumbai-contact-address ; https://builtinmumbai.in/company/cms-info-systems
66,Trianz Holdings Pvt Ltd,Navi Mumbai 100,"Mindspace Airoli East, Bldg 14, Serene Properties SEZ, Thane-Belapur Rd, Airoli",Airoli,"Cloud, data & analytics, digital engineering, infrastructure, cybersecurity",AUDIT PASSED,Not found,Not found,Not found,https://www.trianz.com/,https://careers.trianz.com/ ; https://recruit.trianz.com/trianz/,HIGH,25 openings indexed on Naukri - verify live,https://www.trianz.com/careers ; https://careers.trianz.com/ ; https://properties.cityinfoservices.com/mindspace-airoli-east-building-14-airoli-mumbai/fvgkq4b/pjd ; https://www.naukri.com/trianz-jobs
67,Beam Innovate Pvt Ltd,Navi Mumbai 100,"Registered at MBP, Mahape; internship roles based in Ghansoli",Ghansoli,"Rapid application development, e-commerce, CRM, data analysis; Python, Angular, React, Next.js",AUDIT PASSED,Not found,Not found (contact form at beaminnovate.com/contact),Not found,https://beaminnovate.com/,https://in.indeed.com/cmp/Beam-Innovate-Pvt-Ltd ; https://internshala.com/company/beam-innovate-private-limited-1690573820/,HIGH,"YES - multiple live internships, explicitly 6-month full-time contracts based in Ghansoli","https://beaminnovate.com/contact ; https://www.glassdoor.co.in/job-listing/front-end-developer-intern-beam-innovate-pvt-ltd-JV_IC5021997_KO0,26_KE27,48.htm?jl=1009634168685 ; https://internshala.com/company/beam-innovate-private-limited-1690573820/ ; https://in.indeed.com/q-beam-innovate-l-navi-mumbai,-maharashtra-jobs.html"
68,Silicon Interfaces,Navi Mumbai 100,"Software Development / VLSI Design Centre, Vashi (corporate office at Mahalaxmi, Mumbai)",Vashi,"Semiconductor IP cores, VLSI design, embedded/EDA software, web & application development",AUDIT PASSED,recruit@siliconinterfaces.com,info@siliconinterfaces.com,+91 22 4600 8566 (corporate office),https://www.siliconinterfaces.com/,https://www.siliconinterfaces.com/CareersHome.htm,HIGH,"YES - internships advertised with a stated stipend of Rs 15,000-25,000 per month","https://www.siliconinterfaces.com/CareersHome.htm ; https://www.siliconinterfaces.com/OfficesIndia.htm ; https://www.siliconinterfaces.com/ContactSI.htm ; https://in.indeed.com/q-silicon-interfaces-l-vashi,-navi-mumbai,-maharashtra-jobs.html"
69,Interface Design Associates Pvt Ltd (IDAPL),Navi Mumbai 100,"R-722, MIDC TTC Industrial Area, behind Alfa Laval, Rabale",Rabale,"CNC controllers, automation products, embedded systems, CAD/CAM software for metal 3D printing; Python, C++",AUDIT PASSED,Not found,sales@idapl.in,022 2789 3070,https://idapl.in/,https://internshala.com/internship/detail/software-engineer-internship-in-navi-mumbai-at-interface-design-associates-private-limited1777112073,HIGH,YES - Software Engineer Internship in Navi Mumbai listed on Internshala,https://idapl.in/ ; https://internshala.com/internship/detail/software-engineer-internship-in-navi-mumbai-at-interface-design-associates-private-limited1777112073 ; https://www.msmemart.com/member/aboutus/209923/interface-design-associates-pvt-ltd
70,Hadwise Technologies Pvt Ltd / Hadwise Infotech,Navi Mumbai 100,"Vashi (near Inorbit Mall), Navi Mumbai",Vashi,"Web development, web design, mobile app development, graphics, digital marketing",AUDIT PASSED,career@hadwisetechnologies.com,Not found,+91-22-35110272 / 35110282,http://hadwiseinfotech.com/ ; https://hadwisetechnologies.com/,https://hadwisetechnologies.com/career.php,HIGH,Careers page active - verify live,https://hadwisetechnologies.com/career.php ; http://hadwiseinfotech.com/ ; https://internshala.com/company/hadwise-infotech-private-limited-1569392859/ ; https://www.justdial.com/Mumbai/Hadwise-Technologies-Pvt-Ltd-Near-Inorbit-Mall-Vashi/022PXX22-XX22-150311160118-N1W2_BZDET
71,Relligio Consultants,Navi Mumbai 100,"Office 28, Om Rachna, Liberty Housing Society, Sector 17, Vashi",Vashi,"Website & app development, AWS and cloud solutions, IT support, digital marketing, outsourcing",AUDIT PASSED,Not found,Not found (contact page at relligio.com/contact-us.html),Not found,https://www.relligio.com/,Not found (postings via job boards),HIGH,Yes - WordPress Developer Intern advertised in Vashi,"https://www.relligio.com/contact-us.html ; https://in.indeed.com/q-internship-l-vashi,-navi-mumbai,-maharashtra-jobs.html"
72,CODERS Technologies,Navi Mumbai 100,"Vashi, Navi Mumbai (exact street address not published)",Vashi,"Website development, web applications, SEO, performance marketing",AUDIT PASSED,Not found,Not found,Not found,https://codertechnologies.in/,Not found (postings via Indeed),HIGH,Yes - Web Development Internship offered with practical training and real-time project exposure,"https://codertechnologies.in/ ; https://www.justdial.com/Navi-Mumbai/Coders-Technologies-Vashi/022PXX22-XX22-230331042222-L1A5_BZDET ; https://in.indeed.com/q-web-development-internship-l-vashi,-navi-mumbai,-maharashtra-jobs.html"
73,Sarla Technologies Pvt Ltd,Navi Mumbai 100,"1019, 10th Floor, Rupa Solitaire, Sector 1, Millennium Business Park, Mahape",Ghansoli,"Industrial automation, design engineering, software development, embedded/engineering services",AUDIT PASSED,Not found,sarla.ind@sarlatech.com,022 6785 2300,https://sarlatech.com/,https://www.naukri.com/sarla-technologies-jobs ; https://companies.naukri.com/sarlatech-jobs/contact,HIGH,Openings listed on Naukri - verify live,https://sarlatech.com/contact-us/ ; https://in.linkedin.com/company/sarla-technologies ; https://www.naukri.com/sarla-technologies-jobs
74,Technoriya E Technologies Pvt Ltd / Technoriya Business E Solutions,Navi Mumbai 100,"219, NBC Complex, opposite ICICI Bank, Sector 11, CBD Belapur",CBD Belapur,"ERP solutions, SAP, business software, IT training",AUDIT PASSED,Not found,Not found,Not found,http://technoriya.in/,Not found,HIGH,Not found,http://technoriya.in/team.php ; https://www.asklaila.com/listing/Mumbai/cbd-belapur-sector-11/technoriya-business-e-solutions-head-office-/15bsEXJf/ ; https://www.justdial.com/Navi-Mumbai/Technoriya-E-Technologies-Pvt-Ltd-Opposite-Cbd-Belapur-Station-Cbd-Belapur/022PXX22-XX22-141224181528-H3Z4_BZDET
75,Nestcraft Design Studio,Navi Mumbai 100,"46 Gautam Complex, Sector 11, CBD Belapur",CBD Belapur,"Web design, web development, digital design",FAILED AUDIT,Not found,Not found,Not found,Not found,Not found,HIGH,Not found,https://www.indianyellowpages.com/navi-mumbai/nestcraft-design-cbd-belapur-navi-mumbai-4330500/ ; https://www.asklaila.com/search/Mumbai/cbd-belapur/software-companies/
76,RI Infotech,Navi Mumbai 100,"Corporate office, Sector 11, CBD Belapur",CBD Belapur,"IT services, software development",FAILED AUDIT,Not found,Not found,Not found,Not found,Not found,HIGH,Not found,https://www.asklaila.com/search/Mumbai/cbd-belapur/software-companies/
77,Altisource Business Solutions Pvt Ltd,Navi Mumbai 100,"7th Floor, Vishwaroop IT Park, Swami Pranabananda Marg, Sector 30A, Vashi (near Vashi station, behind Raghuleela Mall)",Vashi,"Mortgage technology, financial services technology, data & analytics platforms",AUDIT PASSED,Not found,Not found,Not found,https://www.altisource.com/,Not found,HIGH,Not found,https://properties.cityinfoservices.com/vishwaroop-it-park-navi-mumbai-mumbai/dqgxgjz/pjd ; https://www.justdial.com/Navi-Mumbai/Alti-Source-Business-Solutions-Pvt-Ltd-Near-Railway-Station-Behind-Raghuleela-Mall-Sector-30A-Vashi/022PXX22-XX22-111029204723-X7H6_BZDET ; https://www.linkedin.com/company/altisource-portfolio-solutions-private-limited
78,Worley India (Worley Services India Pvt Ltd),Navi Mumbai 100,"Gigaplex Bldg 2, Units 901/902/1001, 9th & 10th Floor, Plot IT-5, TTC Industrial Area, Airoli Knowledge Park",Airoli,"Engineering design, digital engineering, data & automation for energy/resources projects",AUDIT PASSED,Not found,Not found,+91 22 4965 5000,https://www.worley.com/,https://www.worley.com/en/careers/your-global-career/india,HIGH,Yes - runs internship and graduate intake in India,https://www.worley.com/en/careers/your-global-career/india ; https://www.worley.com/en/about-us/where-we-operate/india ; https://builtinmumbai.in/company/worley
79,UBS Business Solutions (India) Pvt Ltd,Navi Mumbai 100,"Units 1101/1201/1301/1401, Gigaplex, Airoli Knowledge Park, TTC Industrial Area, Airoli",Airoli,"Banking technology, software engineering, data, risk platforms, cloud",AUDIT PASSED,Not found,Not found,Not found,https://www.ubs.com/,https://www.ubs.com/global/en/careers/india.html,HIGH,Yes - internship programme explicitly runs 2 to 12 months,"https://www.ubs.com/locations/india/navi-mumbai/airoli-knowledge-park/ubs-business-solutions-india-private-limited-1622.html ; https://www.ubs.com/global/en/careers/india.html ; https://www.ubs.com/global/en/careers/about-us/locations/india.html ; https://in.indeed.com/q-ubs-l-airoli,-navi-mumbai,-maharashtra-jobs.html"
80,Maersk Global Service Centres (India) Pvt Ltd,Navi Mumbai 100,"Units NB 1201/1202 & SB 1202, 12th Floor, Empire Tower, Airoli off Thane-Belapur Rd + 6th Floor Reliable Techpark, Airoli",Airoli,"Logistics technology, software engineering, data platforms, technical infrastructure",AUDIT PASSED,Not found,Not found,Not found,https://www.maersk.com/,https://www.maersk.com/careers ; https://www.maersk.com/careers/our-teams/students-graduates ; https://www.maersk.com/careers/technology,HIGH,Yes - mentorship-backed internships and a trainee programme,"https://www.maersk.com/careers/our-teams/students-graduates ; https://www.maersk.com/careers/technology ; https://www.dnb.com/business-directory/company-profiles.maersk_global_service_centres_(india)_private_limited.8c1cd947d52304ba6484ef2c26e0a3d1.html ; https://in.indeed.com/q-maersk-l-airoli,-navi-mumbai,-maharashtra-jobs.html"
81,Finicity Technologies Pvt Ltd,Navi Mumbai 100,"Floor 11, Unit 1101, Bldg 9, Gigaplex Estate, Plot IT-5, Mindspace, Airoli West",Airoli,"Financial data / open-banking technology, backend services, data platforms",FAILED AUDIT,Not found,Not found,Not found,https://www.finicity.com/,Not found,HIGH,Not found,https://www.zaubacorp.com/FINICITY-TECHNOLOGIES-PRIVATE-LIMITED-U72200MH2005PTC154044 ; https://properties.cityinfoservices.com/gigaplex-it-park-building-9-mindspace-airoli-west-airoli-mumbai/ypsadqx/pjd ; https://www.glassdoor.com/Reviews/Finicity-Reviews-E480379.htm
82,Deutsche Bank (India technology & operations),Navi Mumbai 100,"Vishwaroop IT Park, Pranavanandji Marg, Sector 30, Vashi",Vashi,"Banking technology, Java/Spring backend, cloud, data engineering, risk systems",AUDIT PASSED,Not found,Not found,Not found,https://www.db.com/,https://careers.db.com/explore-the-bank/locations/asia-pacific/mumbai,HIGH,Yes - 100-210 Vashi-location openings indexed,"https://careers.db.com/explore-the-bank/locations/asia-pacific/mumbai ; https://properties.cityinfoservices.com/vishwaroop-it-park-navi-mumbai-mumbai/dqgxgjz/pjd ; https://in.indeed.com/q-deutsche-bank-l-vashi,-navi-mumbai,-maharashtra-jobs.html"
83,DP World Global Service Centre,Navi Mumbai 100,"Units 2 & 3, 21st Floor and Unit 1, 22nd Floor, Aurum Q2 IT Parc, Plot Gen-4/1, Bldg Q2, TTC Industrial Area, Ghansoli",Ghansoli,"Logistics technology, process automation, data & reporting platforms",FAILED AUDIT,Not found,Not found,Not found,https://www.dpworld.com/,https://www.dpworld.com/en/careers/vacancies,HIGH,Ghansoli openings indexed - verify live,"https://www.dpworld.com/en/careers/vacancies ; https://www.naukri.com/dp-world-global-service-centre-jobs-careers-124754461 ; https://in.indeed.com/q-dp-world-l-ghansoli,-navi-mumbai,-maharashtra-jobs.html"
84,CMA CGM Shared Service Centre India,Navi Mumbai 100,"Gigaplex Bldg 2 and Bldg 4, Plot IT-5, Airoli Knowledge Park, TTC Industrial Area, Airoli West",Airoli,"Shipping/logistics IT, application support, automation, data",FAILED AUDIT,Not found,Not found,Not found,https://www.cma-cgm.com/,Not found,HIGH,Not found,https://properties.cityinfoservices.com/gigaplex-it-park-building-2-mindspace-airoli-west-airoli-mumbai/ax62woa/pjd ; https://properties.cityinfoservices.com/gigaplex-it-park-building-4-mindspace-airoli-west-navi-mumbai-mumbai/jlxllyq/pjd
85,Black Box Ltd (Black Box Network Services),Navi Mumbai 100,"Gigaplex Bldg 9, Plot IT-5, Mindspace, Airoli West",Airoli,"Network integration, data centre infrastructure, IT managed services, cloud",FAILED AUDIT,Not found,Not found,Not found,https://www.blackbox.com/,Not found,HIGH,Not found,https://properties.cityinfoservices.com/gigaplex-it-park-building-9-mindspace-airoli-west-airoli-mumbai/ypsadqx/pjd
86,DST Worldwide Services India (SS&C group),Navi Mumbai 100,"Mindspace Airoli East Bldg 5 & 6, Serene Properties, Thane-Belapur Rd, Airoli",Airoli,"Fund administration and financial services technology, application support, data processing",FAILED AUDIT,Not found,Not found,Not found,https://www.ssctech.com/,Not found,HIGH,Not found,https://properties.cityinfoservices.com/mindspace-airoli-east-building-5-amp-6-airoli-mumbai/5eg8r4i/pjd
87,Ness Digital Engineering (Ness Technologies India),Navi Mumbai 100,"Mindspace Airoli East Bldg 5 & 6, Serene Properties, Thane-Belapur Rd, Airoli",Airoli,"Digital product engineering, cloud, data engineering, Java/.NET application development",FAILED AUDIT,Not found,Not found,Not found,https://www.ness.com/,Not found,HIGH,Not found,https://properties.cityinfoservices.com/mindspace-airoli-east-building-5-amp-6-airoli-mumbai/5eg8r4i/pjd
88,Continuum Information Systems,Navi Mumbai 100,"Reliable Tech Park, behind Reliable Plaza, off Thane-Belapur Rd, Airoli",Airoli,"IT services, application development, managed services",FAILED AUDIT,Not found,Not found,Not found,,Not found,HIGH,Not found,https://properties.cityinfoservices.com/reliable-tech-park-reliable-it-park-airoli-mumbai/uzjsi77/pjd ; https://businessesbase.com/reliable-tech-park-airoli-navi-mumbai/
89,Crisco Consulting,Navi Mumbai 100,"8th Floor, Q2 Building, Aurum Q Parc, Thane-Belapur Rd, Ghansoli",Ghansoli,"ERP and software consulting, custom development",FAILED AUDIT,Not found,Not found,Not found,,Not found,HIGH,Not found,https://www.exportersindia.com/crisco-consulting-navi-mumbai/about-us.htm ; https://properties.cityinfoservices.com/aurum-q-parc-q2-building-navi-mumbai-mumbai/j2tgbot/pjd
90,FirstRand Services Pvt Ltd (FirstRand Bank India GCC),Navi Mumbai 100,"Bldg Q1, Aurum Q Parc, TTC Industrial Area, Thane-Belapur Rd, Ghansoli",Ghansoli,"Banking technology, software engineering, data & analytics",FAILED AUDIT,Not found,Not found,Not found,https://www.firstrand.co.za/,Not found,HIGH,Not found,https://www.capitaland.com/en/invest/clint/en/portfolio/it-parks/aurum-q-parc.html ; https://www.mingtiandi.com/real-estate/finance/capitaland-india-trust-adds-aurum-q-parc-building-in-mumbai/
91,Huawei Telecommunications (India) Co Pvt Ltd,Navi Mumbai 100,"Vishwaroop IT Park, Sector 30A, Vashi (opposite Vashi railway station)",Vashi,"Telecom network software, cloud, enterprise ICT solutions",FAILED AUDIT,Not found,Not found,Not found,https://www.huawei.com/in/,Not found,HIGH,Not found,https://properties.cityinfoservices.com/vishwaroop-it-park-navi-mumbai-mumbai/dqgxgjz/pjd ; https://www.thewadhwagroup.com/commercial/vishwaroop/
92,Payfront Technologies India Pvt Ltd (formerly Excelity Global),Navi Mumbai 100,"Vishwaroop IT Park, Sector 30A, Vashi",Vashi,"Payroll and HR technology platforms, SaaS, backend services",FAILED AUDIT,Not found,Not found,Not found,https://www.payfront.com/,Not found,HIGH,Not found,https://properties.cityinfoservices.com/vishwaroop-it-park-navi-mumbai-mumbai/dqgxgjz/pjd
93,NetBiz Systems,Navi Mumbai 100,"Vishwaroop IT Park, Sector 30A, Vashi",Vashi,"IT services, software development, systems integration",FAILED AUDIT,Not found,Not found,Not found,,Not found,HIGH,Not found,https://properties.cityinfoservices.com/vishwaroop-it-park-navi-mumbai-mumbai/dqgxgjz/pjd
94,Hinduja Global Solutions (HGS),Navi Mumbai 100,"International Infotech Park, Vashi (adjacent to Vashi railway station)",Vashi,"Digital CX, automation, analytics, back-office technology",FAILED AUDIT,Not found,Not found,Not found,https://www.teamhgs.com/,Not found,HIGH,Not found,https://properties.cityinfoservices.com/international-infotech-park-navi-mumbai-mumbai/tnbd56e/pjd ; https://property.jll.co.in/listings/international-infotech-park
95,Aon India (Aon Services India),Navi Mumbai 100,"Vishwaroop IT Park, Sector 30A, Vashi",Vashi,"Risk & HR analytics, data platforms, actuarial and reporting technology",FAILED AUDIT,Not found,Not found,Not found,https://www.aon.com/,Not found,HIGH,Not found,https://properties.cityinfoservices.com/vishwaroop-it-park-navi-mumbai-mumbai/dqgxgjz/pjd
96,Arcadis India,Navi Mumbai 100,"Vishwaroop IT Park, Sector 30A, Vashi + Bldg Q2, Aurum Q Parc, Ghansoli",Vashi / Ghansoli,"Digital engineering, BIM, data and automation for infrastructure",FAILED AUDIT,Not found,Not found,Not found,https://www.arcadis.com/,Not found,HIGH,Not found,https://properties.cityinfoservices.com/vishwaroop-it-park-navi-mumbai-mumbai/dqgxgjz/pjd ; https://properties.cityinfoservices.com/aurum-q-parc-q2-building-navi-mumbai-mumbai/j2tgbot/pjd
97,ICICI Bank (Aurum Q Parc technology/operations office),Navi Mumbai 100,"Bldg Q2, Aurum Q Parc, TTC Industrial Area, Thane-Belapur Rd, Ghansoli",Ghansoli,"Banking technology, Java backend, digital channels, data platforms",FAILED AUDIT,Not found,Not found,Not found,https://www.icicibank.com/,Not found,HIGH,Not found,https://www.capitaland.com/en/find-a-property/global-property-listing/businesspark-industrial-logistics/aurum-q-parc.html ; https://properties.cityinfoservices.com/aurum-q-parc-q2-building-navi-mumbai-mumbai/j2tgbot/pjd
98,Axis Securities Ltd,Navi Mumbai 100,"Bldg Q2, Aurum Q Parc, TTC Industrial Area, Thane-Belapur Rd, Ghansoli",Ghansoli,"Trading platforms, backend services, data and reporting",FAILED AUDIT,Not found,Not found,Not found,https://simplehai.axisdirect.in/,Not found,HIGH,Not found,https://www.capitaland.com/en/find-a-property/global-property-listing/businesspark-industrial-logistics/aurum-q-parc.html
99,AIBiStreet,Navi Mumbai 100,"Bhoomi Colossa, Shop 29, Plot 4, Sector 19, Airoli",Airoli,"Artificial intelligence, business intelligence, analytics",FAILED AUDIT,Not found,Not found,Not found,,Not found,HIGH,Not found,https://mydigitalcrown.in/jobs/ai-company-in-navi-mumbai/
100,SLB (Schlumberger) Mahape office,Navi Mumbai 100,"Millennium Business Park, Mahape, TTC Industrial Area",Ghansoli,"Energy software (subsurface/drilling platforms), data science, cloud, C++/Python",FAILED AUDIT,Not found,Not found,Not found,https://www.slb.com/,Not found,HIGH,Not found,https://www.brandveda.in/blog/it-companies-in-navi-mumbai ; https://www.pajasaapartments.com/in/navi-mumbai/millennium-business-park/
101,Orient Technologies Ltd,Wider Mumbai,Not found,Andheri/SEEPZ,"IT infrastructure, cloud, managed services",DISCOVERY ONLY,Not found,Not found,Not found,Not found,Not found,MED,Andheri East (head office),justdial.com; asklaila.com
102,Net Business Solutions India Ltd,Wider Mumbai,Not found,Andheri/SEEPZ,IT services,DISCOVERY ONLY,Not found,Not found,Not found,Not found,Not found,MED,Andheri East,justdial.com
103,Immortal Computer Lab Pvt Ltd,Wider Mumbai,Not found,Andheri/SEEPZ,Software services,DISCOVERY ONLY,Not found,Not found,Not found,Not found,Not found,MED,Marol,asklaila.com
104,Systems International,Wider Mumbai,Not found,Andheri/SEEPZ,IT services,DISCOVERY ONLY,Not found,Not found,Not found,Not found,Not found,MED,Jogeshwari East,asklaila.com
105,Innovia Software,Wider Mumbai,Not found,Andheri/SEEPZ,CRM and ERP solutions,DISCOVERY ONLY,Not found,Not found,Not found,Not found,Not found,LOW,Mumbai,buzz4ai.com
106,Intertec Software Pvt Ltd,Wider Mumbai,Not found,Andheri/SEEPZ,Software products,DISCOVERY ONLY,Not found,Not found,Not found,Not found,Not found,LOW,Mumbai,buzz4ai.com
107,Traffic Tail,Wider Mumbai,Not found,Andheri/SEEPZ,Digital/web services,DISCOVERY ONLY,Not found,Not found,Not found,Not found,Not found,LOW,Mumbai,buzz4ai.com
108,Mugenesys,Wider Mumbai,Not found,Andheri/SEEPZ,Software development,DISCOVERY ONLY,Not found,Not found,Not found,Not found,Not found,LOW,Mumbai,mugenesys.com
109,Mastercard,Wider Mumbai,Not found,BKC/Andheri,Payments technology,DISCOVERY ONLY,Not found,Not found,Not found,Not found,Not found,MED,Andheri East (loyalty solutions centre) + Bandra East (India HQ),builtinmumbai.in
110,Google India,Wider Mumbai,Not found,BKC,"Product engineering, cloud, ads tech",DISCOVERY ONLY,Not found,Not found,Not found,Not found,Not found,MED,"Fortune 2000, Bandra Kurla Complex",internshala.com blog
111,Dynatrace India Software Operations Pvt Ltd,Wider Mumbai,Not found,BKC,Observability/APM software product,DISCOVERY ONLY,Not found,Not found,Not found,Not found,Not found,MED,"20th Floor, Parinee Crescenzo, G Block BKC, Bandra East",dynatrace.com/careers
112,Morningstar India,Wider Mumbai,Not found,BKC,"Investment data, research, analytics software",DISCOVERY ONLY,Not found,Not found,Not found,Not found,Not found,MED,Mumbai,builtinmumbai.in
113,Tata Consultancy Services (TCS),Wider Mumbai,Not found,Powai/Thane,"IT services, consulting",DISCOVERY ONLY,Not found,Not found,Not found,Not found,Not found,MED,Powai + Thane (Hiranandani Estate),brandveda.in; internshala.com
114,SpeEdLabs,Wider Mumbai,Not found,Powai,EdTech - adaptive learning platform,DISCOVERY ONLY,Not found,Not found,Not found,Not found,Not found,MED,Powai,indeed.in listing
115,Infosys Ltd,Wider Mumbai,Not found,Powai,IT services,DISCOVERY ONLY,Not found,Not found,Not found,Not found,Not found,LOW,Powai (reported),sulekha.com; quora
116,Silgate Solutions Ltd,Wider Mumbai,Not found,Thane,IT services,DISCOVERY ONLY,Not found,Not found,Not found,Not found,Not found,MED,"808 B Wing, Ashar IT Park, Wagle Estate, Thane",indiaonline.in
117,Balaji Infotech,Wider Mumbai,Not found,Thane,IT services,DISCOVERY ONLY,Not found,Not found,Not found,Not found,Not found,MED,"9th Floor, Rd 16A, Wagle Industrial Estate, Thane West",indiaonline.in
118,Dream11,Wider Mumbai,Not found,Mumbai (product),"Fantasy sports platform, large-scale backend",DISCOVERY ONLY,Not found,Not found,Not found,Not found,Not found,MED,Mumbai,internshala.com blog
119,BookMyShow,Wider Mumbai,Not found,Mumbai (product),"Ticketing platform, backend and mobile",DISCOVERY ONLY,Not found,Not found,Not found,Not found,Not found,MED,Mumbai,internshala.com blog
120,BrowserStack,Wider Mumbai,Not found,Mumbai (product),Developer tools SaaS - cross-browser testing,DISCOVERY ONLY,Not found,Not found,Not found,Not found,Not found,MED,Mumbai,internshala.com blog
121,Rebel Foods,Wider Mumbai,Not found,Mumbai (product),Cloud-kitchen platform technology,DISCOVERY ONLY,Not found,Not found,Not found,Not found,Not found,MED,Mumbai,failory.com
122,Persistent Systems,Wider Mumbai,Not found,Mumbai (services),"Product engineering, cloud, IoT",DISCOVERY ONLY,Not found,Not found,Not found,Not found,Not found,MED,Mumbai,softlabsgroup.com
123,Zepto,Wider Mumbai,Not found,Mumbai (product),Quick-commerce platform,DISCOVERY ONLY,Not found,Not found,Not found,Not found,Not found,MED,Mumbai,startupblink.com
124,Games24x7,Wider Mumbai,Not found,Mumbai (product),"Online gaming - RummyCircle, My11Circle",DISCOVERY ONLY,Not found,Not found,Not found,Not found,Not found,MED,Mumbai (HQ),en.wikipedia.org
125,Viacom18 Media Pvt Ltd,Wider Mumbai,Not found,Mumbai (media tech),Media streaming and broadcast technology,DISCOVERY ONLY,Not found,Not found,Not found,Not found,Not found,MED,Mumbai (HQ),builtinmumbai.in
126,GroupM India,Wider Mumbai,Not found,Mumbai (media tech),"Media investment, adtech platforms",DISCOVERY ONLY,Not found,Not found,Not found,Not found,Not found,MED,Mumbai,builtinmumbai.in
127,InCred,Wider Mumbai,Not found,Mumbai (fintech),"Lending platform, data science",DISCOVERY ONLY,Not found,Not found,Not found,Not found,Not found,MED,Mumbai,inc42.com; beststartup.in
128,Mintifi,Wider Mumbai,Not found,Mumbai (fintech),Supply-chain financing platform,DISCOVERY ONLY,Not found,Not found,Not found,Not found,Not found,MED,Mumbai,inc42.com
129,Weaver (Weaver Services),Wider Mumbai,Not found,Mumbai (fintech),Financial services technology,DISCOVERY ONLY,Not found,Not found,Not found,Not found,Not found,MED,Mumbai,inc42.com
130,Piramal Capital & Housing Finance,Wider Mumbai,Not found,Mumbai (fintech),Lending technology platforms,DISCOVERY ONLY,Not found,Not found,Not found,Not found,Not found,MED,Mumbai,inc42.com
131,Vastu Housing Finance,Wider Mumbai,Not found,Mumbai (fintech),Housing finance technology,DISCOVERY ONLY,Not found,Not found,Not found,Not found,Not found,MED,Mumbai,inc42.com
132,Drip Capital,Wider Mumbai,Not found,Mumbai (fintech),Trade finance platform,DISCOVERY ONLY,Not found,Not found,Not found,Not found,Not found,MED,Mumbai,inc42.com
133,BillDesk,Wider Mumbai,Not found,Mumbai (fintech),Payment gateway and bill payments,DISCOVERY ONLY,Not found,Not found,Not found,Not found,Not found,MED,Mumbai,inc42.com
134,CoinDCX,Wider Mumbai,Not found,Mumbai (fintech),Crypto exchange platform,DISCOVERY ONLY,Not found,Not found,Not found,Not found,Not found,MED,Mumbai,inc42.com
135,Angel One,Wider Mumbai,Not found,Mumbai (fintech),"Broking platform, trading technology",DISCOVERY ONLY,Not found,Not found,Not found,Not found,Not found,MED,Mumbai,inc42.com
136,Jupiter (Amica Financial),Wider Mumbai,Not found,Mumbai (fintech),Neobanking app,DISCOVERY ONLY,Not found,Not found,Not found,Not found,Not found,MED,Mumbai,beststartup.in; failory.com
137,Upstox (RKSV Securities),Wider Mumbai,Not found,Mumbai (fintech),Online stock trading platform,DISCOVERY ONLY,Not found,Not found,Not found,Not found,Not found,MED,Mumbai (HQ),inc42.com
138,Turtlemint,Wider Mumbai,Not found,Mumbai (insurtech),Insurance distribution platform,DISCOVERY ONLY,Not found,Not found,Not found,Not found,Not found,MED,Mumbai,tracxn.com; inc42.com
139,Eduvanz Financing,Wider Mumbai,Not found,Mumbai (fintech),"Education lending NBFC, digital underwriting",DISCOVERY ONLY,Not found,Not found,Not found,Not found,Not found,MED,Mumbai,beststartup.in
140,CASHe (Aeries Financial Technologies),Wider Mumbai,Not found,Mumbai (fintech),App-based personal lending,DISCOVERY ONLY,Not found,Not found,Not found,Not found,Not found,MED,Mumbai,beststartup.in
141,Kuhoo Finance,Wider Mumbai,Not found,Mumbai (fintech),Digital student loans,DISCOVERY ONLY,Not found,Not found,Not found,Not found,Not found,MED,Mumbai,beststartup.in
142,Kissht (OnEMi Technology Solutions),Wider Mumbai,Not found,Mumbai (fintech),Consumer credit platform,DISCOVERY ONLY,Not found,Not found,Not found,Not found,Not found,MED,Mumbai,beststartup.in
143,Mswipe Technologies,Wider Mumbai,Not found,Mumbai (fintech),POS payment hardware and software,DISCOVERY ONLY,Not found,Not found,Not found,Not found,Not found,MED,Mumbai,beststartup.in
144,Citrus Pay,Wider Mumbai,Not found,Mumbai (fintech),"Payment gateway, digital wallet",DISCOVERY ONLY,Not found,Not found,Not found,Not found,Not found,LOW,Mumbai,beststartup.in
145,IDfy (Baldor Technologies),Wider Mumbai,Not found,Mumbai (fintech),"Identity verification, fraud detection, ML",DISCOVERY ONLY,Not found,Not found,Not found,Not found,Not found,MED,Mumbai,beststartup.in; tracxn.com
146,Avenues India Pvt Ltd (CCAvenue),Wider Mumbai,Not found,Mumbai (fintech),"Payment gateway, remittance IT",DISCOVERY ONLY,Not found,Not found,Not found,Not found,Not found,MED,Mumbai,beststartup.in
147,Acko General Insurance,Wider Mumbai,Not found,Mumbai (insurtech),Digital insurance platform,DISCOVERY ONLY,Not found,Not found,Not found,Not found,Not found,MED,Mumbai,registerkaro.in
148,FlexiLoans,Wider Mumbai,Not found,Mumbai (fintech),SME lending SaaS platform,DISCOVERY ONLY,Not found,Not found,Not found,Not found,Not found,MED,Mumbai,tracxn.com
149,Karza Technologies,Wider Mumbai,Not found,Lower Parel/Worli,"Due diligence, financial analytics, banking APIs",DISCOVERY ONLY,Not found,Not found,Not found,Not found,Not found,MED,Lower Parel,grotal.com; asklaila.com
150,CreditWise Capital,Wider Mumbai,Not found,Mumbai (fintech),Lending technology,DISCOVERY ONLY,Not found,Not found,Not found,Not found,Not found,MED,Mumbai,tracxn.com
151,Riskcovry,Wider Mumbai,Not found,Mumbai (insurtech),Insurance infrastructure SaaS,DISCOVERY ONLY,Not found,Not found,Not found,Not found,Not found,MED,Mumbai,tracxn.com
152,OneAssist Consumer Solutions,Wider Mumbai,Not found,Mumbai (insurtech),Device and card protection platform,DISCOVERY ONLY,Not found,Not found,Not found,Not found,Not found,MED,Mumbai,tracxn.com
153,Seclore Technology,Wider Mumbai,Not found,Mumbai (SaaS),"Data-centric security, rights management",DISCOVERY ONLY,Not found,Not found,Not found,Not found,Not found,MED,Mumbai,tracxn.com
154,Flipspaces,Wider Mumbai,Not found,Mumbai (SaaS),Design-tech / VR for interiors,DISCOVERY ONLY,Not found,Not found,Not found,Not found,Not found,MED,Mumbai,tracxn.com
155,Freight Tiger,Wider Mumbai,Not found,Mumbai (SaaS),Digital freight management platform,DISCOVERY ONLY,Not found,Not found,Not found,Not found,Not found,MED,Mumbai,tracxn.com
156,ZingHR,Wider Mumbai,Not found,Mumbai (SaaS),HR-tech SaaS platform,DISCOVERY ONLY,Not found,Not found,Not found,Not found,Not found,MED,Mumbai,tracxn.com
157,Mozark,Wider Mumbai,Not found,Mumbai (SaaS),App experience and network testing SaaS,DISCOVERY ONLY,Not found,Not found,Not found,Not found,Not found,MED,Mumbai,tracxn.com
158,Intelligence Node,Wider Mumbai,Not found,Mumbai (SaaS),"Retail analytics, price intelligence",DISCOVERY ONLY,Not found,Not found,Not found,Not found,Not found,MED,Mumbai,tracxn.com
159,Peel-Works,Wider Mumbai,Not found,Mumbai (SaaS),Retail distribution SaaS,DISCOVERY ONLY,Not found,Not found,Not found,Not found,Not found,MED,Mumbai,tracxn.com
160,BlueOptima,Wider Mumbai,Not found,Mumbai (SaaS),Developer productivity analytics SaaS,DISCOVERY ONLY,Not found,Not found,Not found,Not found,Not found,MED,Mumbai,tracxn.com
161,Leadzen,Wider Mumbai,Not found,Mumbai (SaaS),"B2B lead-generation SaaS, AI",DISCOVERY ONLY,Not found,Not found,Not found,Not found,Not found,MED,Mumbai,wellfound.com
162,InspireOne Technologies (Master-O),Wider Mumbai,Not found,Mumbai (SaaS),B2B sales-enablement SaaS,DISCOVERY ONLY,Not found,Not found,Not found,Not found,Not found,MED,Mumbai,cutshort.io
163,Neysa Networks,Wider Mumbai,Not found,Mumbai (cloud/AI),"AI cloud, GPU compute platform",DISCOVERY ONLY,Not found,Not found,Not found,Not found,Not found,MED,Mumbai,analyticsinsight.net
164,Fractal Analytics,Wider Mumbai,Not found,Mumbai (AI),AI and advanced analytics,DISCOVERY ONLY,Not found,Not found,Not found,Not found,Not found,MED,Mumbai,guvi.in
165,LogiNext Solutions,Wider Mumbai,Not found,Mumbai (SaaS),Logistics optimisation SaaS,DISCOVERY ONLY,Not found,Not found,Not found,Not found,Not found,MED,Mumbai,guvi.in; clickpost.ai
166,Haptik Technologies,Wider Mumbai,Not found,Mumbai (AI),"Conversational AI, chatbots",DISCOVERY ONLY,Not found,Not found,Not found,Not found,Not found,MED,Mumbai,guvi.in
167,Qure.ai,Wider Mumbai,Not found,Mumbai (AI),"Medical imaging AI, deep learning",DISCOVERY ONLY,Not found,Not found,Not found,Not found,Not found,MED,Mumbai,guvi.in
168,Datamatics Global Services,Wider Mumbai,Not found,Mumbai (AI),"RPA, AI BI, data analytics (TruBot, TruBI)",DISCOVERY ONLY,Not found,Not found,Not found,Not found,Not found,MED,Mumbai,guvi.in
169,Miko (Miko Technologies),Wider Mumbai,Not found,Mumbai (AI),"Consumer robotics, conversational AI",DISCOVERY ONLY,Not found,Not found,Not found,Not found,Not found,MED,Mumbai,guvi.in; tracxn.com
170,HyperVerge,Wider Mumbai,Not found,Mumbai (AI),"AI for identity verification, computer vision",DISCOVERY ONLY,Not found,Not found,Not found,Not found,Not found,MED,Mumbai,guvi.in
171,Wright Research,Wider Mumbai,Not found,Mumbai (AI),AI-driven investment research,DISCOVERY ONLY,Not found,Not found,Not found,Not found,Not found,MED,Mumbai,tracxn.com
172,Bull AI,Wider Mumbai,Not found,Mumbai (AI),AI for investment tech,DISCOVERY ONLY,Not found,Not found,Not found,Not found,Not found,LOW,Mumbai,tracxn.com
173,Intellimation,Wider Mumbai,Not found,Mumbai (AI),AI and automation for BFSI,DISCOVERY ONLY,Not found,Not found,Not found,Not found,Not found,LOW,Mumbai,tracxn.com
174,Novaex,Wider Mumbai,Not found,Mumbai (AI),AI investment tech,DISCOVERY ONLY,Not found,Not found,Not found,Not found,Not found,LOW,Mumbai,tracxn.com
175,FidelFolio Investments,Wider Mumbai,Not found,Mumbai (AI),AI-driven equity research,DISCOVERY ONLY,Not found,Not found,Not found,Not found,Not found,LOW,Mumbai,tracxn.com
176,Arya.ai,Wider Mumbai,Not found,Mumbai (AI),AI cloud platform for banks and insurers,DISCOVERY ONLY,Not found,Not found,Not found,Not found,Not found,MED,Mumbai,builtinmumbai.in; tracxn.com
177,Navsoft,Wider Mumbai,Not found,Mumbai (AI),"AI, IT services",DISCOVERY ONLY,Not found,Not found,Not found,Not found,Not found,MED,Mumbai,clutch.co; themanifest.com
178,Matrix Bricks Infotech,Wider Mumbai,Not found,Mumbai (AI),"AI, web and digital services",DISCOVERY ONLY,Not found,Not found,Not found,Not found,Not found,MED,Mumbai,clutch.co
179,Agram Konnect,Wider Mumbai,Not found,Mumbai (AI),AI and software development,DISCOVERY ONLY,Not found,Not found,Not found,Not found,Not found,LOW,Mumbai,clutch.co
180,Perimattic,Wider Mumbai,Not found,Mumbai (AI),AI and software engineering,DISCOVERY ONLY,Not found,Not found,Not found,Not found,Not found,LOW,Mumbai,clutch.co
181,Indigloo Softwares Pvt Ltd,Wider Mumbai,Not found,Mumbai (AI),AI and software development,DISCOVERY ONLY,Not found,Not found,Not found,Not found,Not found,LOW,Mumbai,clutch.co
182,April Innovations,Wider Mumbai,Not found,Mumbai (AI),AI and software development,DISCOVERY ONLY,Not found,Not found,Not found,Not found,Not found,LOW,Mumbai,clutch.co
183,QED42,Wider Mumbai,Not found,Mumbai (web/AI),"Drupal, web engineering, AI",DISCOVERY ONLY,Not found,Not found,Not found,Not found,Not found,MED,Mumbai,clutch.co
184,Unico Connect,Wider Mumbai,Not found,Mumbai (web),Full-stack web and mobile development,DISCOVERY ONLY,Not found,Not found,Not found,Not found,Not found,MED,Mumbai,"goodfirms.co (4.8 stars, 43 reviews)"
185,Ajackus,Wider Mumbai,Not found,Mumbai (web),"Full-stack engineering, AI",DISCOVERY ONLY,Not found,Not found,Not found,Not found,Not found,MED,Mumbai,clutch.co
186,Bombay Softwares,Wider Mumbai,Not found,Mumbai (web),Software and web development,DISCOVERY ONLY,Not found,Not found,Not found,Not found,Not found,MED,Mumbai,clutch.co
187,3minds Digital,Wider Mumbai,Not found,Mumbai (web),"Web and app development, design",DISCOVERY ONLY,Not found,Not found,Not found,Not found,Not found,MED,Mumbai,clutch.co
188,SIB Infotech,Wider Mumbai,Not found,Mumbai (web),"Web development, SEO",DISCOVERY ONLY,Not found,Not found,Not found,Not found,Not found,MED,Mumbai,clutch.co
189,Inboundsys,Wider Mumbai,Not found,Mumbai (web),"Web development, HubSpot/CMS",DISCOVERY ONLY,Not found,Not found,Not found,Not found,Not found,LOW,Mumbai,clutch.co
190,Zoot Digital,Wider Mumbai,Not found,Mumbai (web),Digital marketing and web,DISCOVERY ONLY,Not found,Not found,Not found,Not found,Not found,LOW,Mumbai,clutch.co
191,Robosoft Technologies,Wider Mumbai,Not found,Mumbai (web),App and product engineering,DISCOVERY ONLY,Not found,Not found,Not found,Not found,Not found,MED,Mumbai,clutch.co
192,Azul Arc,Wider Mumbai,Not found,Mumbai (web),Web and app development,DISCOVERY ONLY,Not found,Not found,Not found,Not found,Not found,LOW,Mumbai,clutch.co
193,Buzzlink Studios,Wider Mumbai,Not found,Mumbai (web),"Website, ecommerce, app development, SEO",DISCOVERY ONLY,Not found,Not found,Not found,Not found,Not found,MED,Mumbai,mumbaiwebdesign.in
194,Probey Services,Wider Mumbai,Not found,Mumbai (web),App and web development,DISCOVERY ONLY,Not found,Not found,Not found,Not found,Not found,MED,Mumbai (India branch),goodfirms.co
195,Promatics Technologies,Wider Mumbai,Not found,Mumbai (web),"Mobile app development, UI/UX",DISCOVERY ONLY,Not found,Not found,Not found,Not found,Not found,MED,Mumbai,goodfirms.co
196,Furation Tech Solutions,Wider Mumbai,Not found,Mumbai (web),"ISO 9001:2015 IT solutions, app development",DISCOVERY ONLY,Not found,Not found,Not found,Not found,Not found,MED,Mumbai,goodfirms.co (founded 2018)
197,Dynamic Vishva,Wider Mumbai,Not found,Mumbai (web),Mobility and software solutions,DISCOVERY ONLY,Not found,Not found,Not found,Not found,Not found,MED,Mumbai,goodfirms.co
198,Appic Mobile,Wider Mumbai,Not found,Mumbai (web),Mobile app development,DISCOVERY ONLY,Not found,Not found,Not found,Not found,Not found,MED,Mumbai,goodfirms.co (founded 2011)
199,Web Crafters IT Solutions,Wider Mumbai,Not found,Vikhroli/Chembur,"Web development, SEO, digital marketing",DISCOVERY ONLY,Not found,Not found,Not found,Not found,Not found,MED,"Swastik Onyx, Vikhroli",webcraftersitsolutions.com
200,Software Smiths,Wider Mumbai,Not found,Vikhroli/Chembur,Software development (since 1989),DISCOVERY ONLY,Not found,Not found,Not found,Not found,Not found,MED,"Karma Stambh, C Wing, LBS Marg, Vikhroli West",asklaila.com
201,Cloudesign Technology Solutions LLP,Wider Mumbai,Not found,Vikhroli/Chembur,"Android app, web development, networking",DISCOVERY ONLY,Not found,Not found,Not found,Not found,Not found,MED,Vikhroli West,techbehemoths.com
202,Ozias Media Pvt Ltd,Wider Mumbai,Not found,Vikhroli/Chembur,"Digital marketing, SEO, branding",DISCOVERY ONLY,Not found,Not found,Not found,Not found,Not found,LOW,Vikhroli,asklaila.com
203,Dezigndia Technologies,Wider Mumbai,Not found,Borivali/Kandivali,IT outsourcing,DISCOVERY ONLY,Not found,Not found,Not found,Not found,Not found,MED,Borivali East,lexifo.com
204,eBuild Softwares and Solutions,Wider Mumbai,Not found,Lower Parel/Worli,"App development, ERP software",DISCOVERY ONLY,Not found,Not found,Not found,Not found,Not found,MED,"Office 6A, Trade World D Wing, Kamala Mills, Lower Parel West",sulekha.com
205,Hoarway Technology,Wider Mumbai,Not found,Lower Parel/Worli,"Software, mobile app, digital marketing",DISCOVERY ONLY,Not found,Not found,Not found,Not found,Not found,MED,Lower Parel,asklaila.com
206,Trionova,Wider Mumbai,Not found,Mumbai (web),Mobile app development,DISCOVERY ONLY,Not found,Not found,Not found,Not found,Not found,LOW,Mumbai,trionova.in
207,CyberNX Technologies Pvt Ltd,Wider Mumbai,Not found,Mumbai (security),"End-to-end cybersecurity services, SOC",DISCOVERY ONLY,Not found,Not found,Not found,Not found,Not found,MED,Mumbai,designrush.com; petadot.com
208,Inspira Enterprise India Ltd,Wider Mumbai,Not found,Mumbai (security),"Cybersecurity, data analytics, AI services",DISCOVERY ONLY,Not found,Not found,Not found,Not found,Not found,MED,Mumbai,designrush.com
209,CiELO Technologies,Wider Mumbai,Not found,Mumbai (security),Cloud security (founded 2015),DISCOVERY ONLY,Not found,Not found,Not found,Not found,Not found,MED,Mumbai,petadot.com
210,Petadot System & Security Pvt Ltd,Wider Mumbai,Not found,Mumbai (security),Cybersecurity services,DISCOVERY ONLY,Not found,Not found,Not found,Not found,Not found,MED,Mumbai,petadot.com
211,IARM Information Security,Wider Mumbai,Not found,Mumbai (security),"Information, network and managed security",DISCOVERY ONLY,Not found,Not found,Not found,Not found,Not found,MED,Mumbai,themanifest.com
212,Microscan Communications Pvt Ltd,Wider Mumbai,Not found,Mumbai (security),"Networking, cloud, cybersecurity managed services",DISCOVERY ONLY,Not found,Not found,Not found,Not found,Not found,MED,Mumbai,petadot.com
213,Logix Infosecurity,Wider Mumbai,Not found,Mumbai (security),"Email security, compliance",DISCOVERY ONLY,Not found,Not found,Not found,Not found,Not found,MED,Mumbai,aipeakflow.com
214,Vista InfoSec,Wider Mumbai,Not found,Mumbai (security),"Security audits, compliance (PCI DSS, ISO)",DISCOVERY ONLY,Not found,Not found,Not found,Not found,Not found,MED,Mumbai,aipeakflow.com
215,Decimal Point Analytics,Wider Mumbai,Not found,Mumbai (analytics),"Financial data analytics, research automation",DISCOVERY ONLY,Not found,Not found,Not found,Not found,Not found,MED,Mumbai,guvi.in
216,Polestar Analytics,Wider Mumbai,Not found,Mumbai (analytics),Data engineering and analytics consulting,DISCOVERY ONLY,Not found,Not found,Not found,Not found,Not found,MED,Mumbai,themanifest.com
217,Cymetrix Software,Wider Mumbai,Not found,Mumbai (analytics),"Salesforce, data and cloud consulting",DISCOVERY ONLY,Not found,Not found,Not found,Not found,Not found,MED,Mumbai,themanifest.com
218,Umbrella Infocare,Wider Mumbai,Not found,Mumbai (cloud),AWS cloud consulting and DevOps,DISCOVERY ONLY,Not found,Not found,Not found,Not found,Not found,MED,Mumbai,themanifest.com
219,Indus Net Technologies Ltd,Wider Mumbai,Not found,Mumbai (services),Full-stack digital engineering,DISCOVERY ONLY,Not found,Not found,Not found,Not found,Not found,MED,Mumbai,themanifest.com
220,Accely,Wider Mumbai,Not found,Mumbai (services),SAP consulting and implementation,DISCOVERY ONLY,Not found,Not found,Not found,Not found,Not found,MED,Mumbai,themanifest.com
221,Tirnav Solutions Pvt Ltd,Wider Mumbai,Not found,Mumbai (services),IT services and software,DISCOVERY ONLY,Not found,Not found,Not found,Not found,Not found,MED,Mumbai,themanifest.com
222,Direction Software LLP,Wider Mumbai,Not found,Mumbai (services),"Software development, ERP",DISCOVERY ONLY,Not found,Not found,Not found,Not found,Not found,MED,Mumbai,themanifest.com
223,Microland Ltd,Wider Mumbai,Not found,Lower Parel/Worli,IT infrastructure and cloud managed services,DISCOVERY ONLY,Not found,Not found,Not found,Not found,Not found,MED,Lower Parel,grotal.com
224,NSDL Database Management Ltd,Wider Mumbai,Not found,Lower Parel/Worli,Financial data systems,DISCOVERY ONLY,Not found,Not found,Not found,Not found,Not found,MED,Lower Parel,grotal.com
225,Genovate Solutions India Pvt Ltd,Wider Mumbai,Not found,Lower Parel/Worli,IT services,DISCOVERY ONLY,Not found,Not found,Not found,Not found,Not found,MED,Lower Parel,grotal.com
226,Datacraft India Ltd,Wider Mumbai,Not found,Lower Parel/Worli,Network and IT integration,DISCOVERY ONLY,Not found,Not found,Not found,Not found,Not found,MED,Lower Parel,grotal.com
227,Kalpataru Technologies,Wider Mumbai,Not found,Borivali/Kandivali,IT services,DISCOVERY ONLY,Not found,Not found,Not found,Not found,Not found,MED,Borivali West,asklaila.com
228,Jagnil Computer And Software,Wider Mumbai,Not found,Borivali/Kandivali,Software services,DISCOVERY ONLY,Not found,Not found,Not found,Not found,Not found,LOW,Borivali West,asklaila.com
229,CSoft,Wider Mumbai,Not found,Borivali/Kandivali,Software services,DISCOVERY ONLY,Not found,Not found,Not found,Not found,Not found,LOW,Borivali West,asklaila.com
230,Tejora,Wider Mumbai,Not found,Goregaon/Malad,IT and BPO services,DISCOVERY ONLY,Not found,Not found,Not found,Not found,Not found,MED,Mindspace Malad,getsethome.com
231,Infinitrix,Wider Mumbai,Not found,Goregaon/Malad,IT services,DISCOVERY ONLY,Not found,Not found,Not found,Not found,Not found,LOW,Mindspace Malad,getsethome.com
232,upGrad,Wider Mumbai,Not found,Mumbai (edtech),Higher-ed platform engineering,DISCOVERY ONLY,Not found,Not found,Not found,Not found,Not found,MED,Mumbai,tracxn.com
233,Eruditus Executive Education,Wider Mumbai,Not found,Mumbai (edtech),Executive education platform,DISCOVERY ONLY,Not found,Not found,Not found,Not found,Not found,MED,Mumbai,tracxn.com
234,LEAD School (LEAD),Wider Mumbai,Not found,Mumbai (edtech),School edtech platform,DISCOVERY ONLY,Not found,Not found,Not found,Not found,Not found,MED,Mumbai,failory.com; tracxn.com
235,Avanti Learning Centres,Wider Mumbai,Not found,Mumbai (edtech),EdTech platform,DISCOVERY ONLY,Not found,Not found,Not found,Not found,Not found,MED,Mumbai,tracxn.com
236,Testbook,Wider Mumbai,Not found,Mumbai (edtech),"Exam-prep platform, backend and mobile",DISCOVERY ONLY,Not found,Not found,Not found,Not found,Not found,MED,Mumbai (HQ),en.wikipedia.org
237,IIDE Education Pvt Ltd,Wider Mumbai,Not found,Mumbai (edtech),Digital marketing education; active intern hirer,DISCOVERY ONLY,Not found,Not found,Not found,Not found,Not found,MED,Mumbai,internshala.com
238,PharmEasy (API Holdings),Wider Mumbai,Not found,Mumbai (healthtech),E-pharmacy platform engineering,DISCOVERY ONLY,Not found,Not found,Not found,Not found,Not found,MED,Mumbai,inc42.com
239,Medikabazaar,Wider Mumbai,Not found,Mumbai (healthtech),B2B medical supplies marketplace,DISCOVERY ONLY,Not found,Not found,Not found,Not found,Not found,MED,Mumbai,inc42.com
240,Truemeds (Intellihealth),Wider Mumbai,Not found,Mumbai (healthtech),Online pharmacy platform,DISCOVERY ONLY,Not found,Not found,Not found,Not found,Not found,MED,Mumbai,inc42.com
241,Zeno Health,Wider Mumbai,Not found,Mumbai (healthtech),Generic pharmacy platform,DISCOVERY ONLY,Not found,Not found,Not found,Not found,Not found,MED,Mumbai,digitalhealthnews.com
242,Neodocs,Wider Mumbai,Not found,Mumbai (healthtech),"At-home diagnostics, smartphone imaging",DISCOVERY ONLY,Not found,Not found,Not found,Not found,Not found,MED,Mumbai,digitalhealthnews.com
243,Wellthy Therapeutics,Wider Mumbai,Not found,Mumbai (healthtech),Digital therapeutics,DISCOVERY ONLY,Not found,Not found,Not found,Not found,Not found,MED,Mumbai,digitalhealthnews.com
244,Ivory (Ivory Health),Wider Mumbai,Not found,Mumbai (healthtech),Neuroscience-backed cognitive assessments,DISCOVERY ONLY,Not found,Not found,Not found,Not found,Not found,MED,Mumbai,cutshort.io
245,GreenLine,Wider Mumbai,Not found,Mumbai (logistics),Logistics technology,DISCOVERY ONLY,Not found,Not found,Not found,Not found,Not found,MED,Mumbai,tracxn.com
246,Borzo India,Wider Mumbai,Not found,Mumbai (logistics),On-demand delivery platform,DISCOVERY ONLY,Not found,Not found,Not found,Not found,Not found,MED,Mumbai,tracxn.com
247,Oorjaa,Wider Mumbai,Not found,Mumbai (logistics),Technology-driven logistics,DISCOVERY ONLY,Not found,Not found,Not found,Not found,Not found,MED,Mumbai,tracxn.com
248,ShipWaves,Wider Mumbai,Not found,Mumbai (logistics),Digital freight forwarding,DISCOVERY ONLY,Not found,Not found,Not found,Not found,Not found,MED,Mumbai,tracxn.com
249,iThink Logistics,Wider Mumbai,Not found,Mumbai (logistics),E-commerce shipping aggregator,DISCOVERY ONLY,Not found,Not found,Not found,Not found,Not found,MED,Mumbai,clickpost.ai
250,Uneecops Technologies,Wider Mumbai,Not found,Mumbai (ERP),"SAP Business One partner, CMMI Level 5",DISCOVERY ONLY,Not found,Not found,Not found,Not found,Not found,MED,Mumbai,uneecops.com
251,Cogniscient Business Solutions,Wider Mumbai,Not found,Mumbai (ERP),SAP Business One partner,DISCOVERY ONLY,Not found,Not found,Not found,Not found,Not found,MED,Mumbai,cogniscient.in
252,Atlas Technosoft Pvt Ltd,Wider Mumbai,Not found,Mumbai (ERP),"SAP channel partner, ERP implementation",DISCOVERY ONLY,Not found,Not found,Not found,Not found,Not found,MED,Mumbai,softwaresuggest.com
253,eNoah iSolution India,Wider Mumbai,Not found,Mumbai (ERP),"SAP Business One implementation, ISO 27001",DISCOVERY ONLY,Not found,Not found,Not found,Not found,Not found,MED,Mumbai,enoahisolution.com
254,Accelon Tech,Wider Mumbai,Not found,Mumbai (ERP),SAP Business One gold partner,DISCOVERY ONLY,Not found,Not found,Not found,Not found,Not found,MED,Mumbai,accelontech.com
255,PTS Systems & Solutions,Wider Mumbai,Not found,Mumbai (ERP),"SAP partner, digital transformation",DISCOVERY ONLY,Not found,Not found,Not found,Not found,Not found,MED,Mumbai,ptssystems.co.in
256,Cinntra Infotech,Wider Mumbai,Not found,Mumbai (ERP),SAP Business One partner,DISCOVERY ONLY,Not found,Not found,Not found,Not found,Not found,MED,Mumbai,cinntra.com
257,Zyple Software Solutions,Wider Mumbai,Not found,Mumbai (ERP),SAP Business One partner for SMEs,DISCOVERY ONLY,Not found,Not found,Not found,Not found,Not found,MED,Mumbai,zyplesoft.com
258,SoftCore Solutions,Wider Mumbai,Not found,Mumbai (ERP),SAP Business One partner,DISCOVERY ONLY,Not found,Not found,Not found,Not found,Not found,MED,Mumbai,softwaresuggest.com
259,KAEM Technologies,Wider Mumbai,Not found,Mumbai (ERP),SAP partner,DISCOVERY ONLY,Not found,Not found,Not found,Not found,Not found,MED,Mumbai,softwaresuggest.com
260,Sportz Interactive,Wider Mumbai,Not found,Mumbai (gaming),Sports data platforms and gamification,DISCOVERY ONLY,Not found,Not found,Not found,Not found,Not found,MED,Mumbai,juegostudio.com
261,GameEon Studios,Wider Mumbai,Not found,Mumbai (gaming),Game development (since 2013),DISCOVERY ONLY,Not found,Not found,Not found,Not found,Not found,MED,Mumbai,juegostudio.com
262,Nilee Games and Future Technologies,Wider Mumbai,Not found,Mumbai (gaming),Game and technology services,DISCOVERY ONLY,Not found,Not found,Not found,Not found,Not found,MED,Mumbai (HQ),juegostudio.com
263,Motion Work Studios,Wider Mumbai,Not found,Mumbai (gaming),"Animation, VR, mobile game development",DISCOVERY ONLY,Not found,Not found,Not found,Not found,Not found,MED,Mumbai,builtinmumbai.in
264,Mobavenue,Wider Mumbai,Not found,Mumbai (adtech),Mobile adtech platform,DISCOVERY ONLY,Not found,Not found,Not found,Not found,Not found,MED,Mumbai,tracxn.com
265,Vertoz Advertising Ltd,Wider Mumbai,Not found,Mumbai (adtech),"Programmatic adtech, cloud infra",DISCOVERY ONLY,Not found,Not found,Not found,Not found,Not found,MED,Mumbai,tracxn.com
266,POKKT,Wider Mumbai,Not found,Mumbai (adtech),In-game and rewarded video advertising,DISCOVERY ONLY,Not found,Not found,Not found,Not found,Not found,MED,Mumbai,tracxn.com
267,Komli Media,Wider Mumbai,Not found,Mumbai (adtech),Digital advertising technology,DISCOVERY ONLY,Not found,Not found,Not found,Not found,Not found,LOW,Mumbai,tracxn.com
268,mCanvas,Wider Mumbai,Not found,Mumbai (adtech),Storytelling ad formats,DISCOVERY ONLY,Not found,Not found,Not found,Not found,Not found,MED,Mumbai,tracxn.com
269,Inuxu Digital Media Technologies (Adgebra),Wider Mumbai,Not found,Mumbai (adtech),Omni-channel adtech platform,DISCOVERY ONLY,Not found,Not found,Not found,Not found,Not found,MED,Mumbai,builtinmumbai.in
270,Morgan Stanley (Mumbai technology centre),Wider Mumbai,Not found,Mumbai (GCC),"Trading systems, global finance technology",DISCOVERY ONLY,Not found,Not found,Not found,Not found,Not found,MED,Mumbai,flexiple.com; zinnov.com
271,JPMorgan Chase (Mumbai + Goregaon NKP),Wider Mumbai,Not found,Goregaon/Malad,"Banking technology, Java, data platforms",DISCOVERY ONLY,Not found,Not found,Not found,Not found,Not found,MED,"Mumbai / Nirlon Knowledge Park, Goregaon East",flexiple.com; myhq.in
272,Citi (Mumbai technology centre),Wider Mumbai,Not found,Goregaon/Malad,"Banking technology, regulatory reporting",DISCOVERY ONLY,Not found,Not found,Not found,Not found,Not found,MED,"Mumbai / Nirlon Knowledge Park, Goregaon East",flexiple.com; myhq.in
273,Standard Chartered GBS,Wider Mumbai,Not found,Mumbai (GCC),Banking technology and operations,DISCOVERY ONLY,Not found,Not found,Not found,Not found,Not found,MED,Mumbai,flexiple.com
274,Barclays (Mumbai technology centre),Wider Mumbai,Not found,Goregaon/Malad,"Banking technology, engineering",DISCOVERY ONLY,Not found,Not found,Not found,Not found,Not found,MED,"Mumbai / Nirlon Knowledge Park, Goregaon East",flexiple.com; myhq.in
275,MUFG (Mumbai GCC),Wider Mumbai,Not found,Mumbai (GCC),Banking technology,DISCOVERY ONLY,Not found,Not found,Not found,Not found,Not found,MED,Mumbai,flexiple.com
276,Marsh India,Wider Mumbai,Not found,Mumbai (GCC),Insurance analytics and technology,DISCOVERY ONLY,Not found,Not found,Not found,Not found,Not found,MED,Mumbai,gccjournal.in
277,Mercer India,Wider Mumbai,Not found,Mumbai (GCC),HR analytics and technology,DISCOVERY ONLY,Not found,Not found,Not found,Not found,Not found,MED,Mumbai,gccjournal.in
278,Guy Carpenter India,Wider Mumbai,Not found,Mumbai (GCC),Reinsurance analytics and technology,DISCOVERY ONLY,Not found,Not found,Not found,Not found,Not found,MED,Mumbai,gccjournal.in
279,BMS Group (Mumbai GCC),Wider Mumbai,Not found,Mumbai (GCC),"Data, analytics and AI centre",DISCOVERY ONLY,Not found,Not found,Not found,Not found,Not found,MED,Mumbai,gccjournal.in
280,Oracle India,Wider Mumbai,Not found,Goregaon/Malad,"Cloud, database, enterprise applications",DISCOVERY ONLY,Not found,Not found,Not found,Not found,Not found,MED,"Nirlon Knowledge Park, Goregaon East",myhq.in; getsethome.com
281,EY GDS India,Wider Mumbai,Not found,Goregaon/Malad,"Technology consulting, data",DISCOVERY ONLY,Not found,Not found,Not found,Not found,Not found,MED,"Nirlon Knowledge Park, Goregaon East",myhq.in
282,Firstsource Solutions,Wider Mumbai,Not found,Goregaon/Malad,BPM with technology and automation teams,DISCOVERY ONLY,Not found,Not found,Not found,Not found,Not found,MED,Mindspace Malad,en.wikipedia.org
283,DXC Technology (formerly CSC),Wider Mumbai,Not found,Mumbai (services),Digital solutions and consulting,DISCOVERY ONLY,Not found,Not found,Not found,Not found,Not found,MED,Mumbai,builtinmumbai.in
284,Medius Technologies Pvt Ltd,Wider Mumbai,Not found,Mumbai (intern hirer),Software services; among most active Mumbai intern recruiters,DISCOVERY ONLY,Not found,Not found,Not found,Not found,Not found,MED,Mumbai,internshala.com
285,BNM Business Solutions LLP,Wider Mumbai,Not found,Mumbai (intern hirer),Business/IT services; active intern recruiter,DISCOVERY ONLY,Not found,Not found,Not found,Not found,Not found,MED,Mumbai,internshala.com
286,Break The Code,Wider Mumbai,Not found,Mumbai (intern hirer),Software training and development; active intern recruiter,DISCOVERY ONLY,Not found,Not found,Not found,Not found,Not found,MED,Mumbai,internshala.com
287,Mple AI,Wider Mumbai,Not found,Mumbai (intern hirer),AI product; full-stack developer internship advertised,DISCOVERY ONLY,Not found,Not found,Not found,Not found,Not found,MED,Mumbai,internshala.com listing
288,Host360,Wider Mumbai,Not found,Mumbai (intern hirer),Backend development internship advertised (stipend up to 12k/month),DISCOVERY ONLY,Not found,Not found,Not found,Not found,Not found,MED,Mumbai,internshala.com listing
289,Talent Corner HR Services,Wider Mumbai,Not found,Mumbai (intern hirer),HR services; among most active Mumbai intern recruiters,DISCOVERY ONLY,Not found,Not found,Not found,Not found,Not found,MED,Mumbai,internshala.com
