Company,Contact Person,Email,Date Contacted,Follow-up Date,Response,Interview,Status,Notes
Silicon Interfaces,,recruit@siliconinterfaces.com,,,,,Not contacted,A-HIGH | Vashi | current opening confirmed; documented intern/fresher hiring; public HR/recruitment email; public general email; public phone; active careers page; small/startup - more approachable; stack matches your skills
GeBBS Healthcare Solutions Pvt Ltd,,careers@gebbs.com,,,,,Not contacted,A-HIGH | Airoli | current opening confirmed; documented intern/fresher hiring; public HR/recruitment email; public phone; active careers page
Hadwise Technologies Pvt Ltd / Hadwise Infotech,,career@hadwisetechnologies.com,,,,,Not contacted,A-HIGH | Vashi | documented intern/fresher hiring; public HR/recruitment email; public phone; active careers page; small/startup - more approachable; stack matches your skills
NeoSOFT Pvt Ltd,,careers@neosofttech.com,,,,,Not contacted,A-HIGH | Airoli (Gigaplex) / Rabale (Sigma IT Park) | current opening confirmed; documented intern/fresher hiring; public HR/recruitment email; active careers page; stack matches your skills
AppZime Technologies Pvt Ltd,,careers@appzime.com,,,,,Not contacted,A-HIGH | Kharghar | documented intern/fresher hiring; public HR/recruitment email; active careers page; small/startup - more approachable; stack matches your skills
Intelegain Technologies Pvt Ltd,,careers@intelegain.com,,,,,Not contacted,A-HIGH | Turbhe | documented intern/fresher hiring; public HR/recruitment email; public general email; public phone; active careers page; stack matches your skills
Cognizant Technology Solutions India Pvt Ltd,,talentattractteam@cognizant.com,,,,,Not contacted,B-MEDIUM | Airoli | documented intern/fresher hiring; public HR/recruitment email; active careers page; stack matches your skills
Ansha Software,,hr@anshasoftware.com,,,,,Not contacted,B-MEDIUM | Vashi | public HR/recruitment email; small/startup - more approachable; stack matches your skills
Interface Design Associates Pvt Ltd (IDAPL),,sales@idapl.in,,,,,Not contacted,A-HIGH | Rabale | current opening confirmed; documented intern/fresher hiring; public general email; public phone; active careers page; small/startup - more approachable; stack matches your skills
Smartinfologiks,,admin@smartinfologiks.com,,,,,Not contacted,A-HIGH | CBD Belapur | current opening confirmed; documented intern/fresher hiring; public general email; public phone; active careers page; small/startup - more approachable; stack matches your skills
Techvizo,,help@techvizo.com,,,,,Not contacted,A-HIGH | Vashi | current opening confirmed; documented intern/fresher hiring; public general email; public phone; active careers page; small/startup - more approachable; stack matches your skills
Maxgen Technologies Pvt Ltd,,info@maxgentechnologies.com,,,,,Not contacted,A-HIGH | Vashi | current opening confirmed; documented intern/fresher hiring; public general email; public phone; active careers page; stack matches your skills
Terra Edge Soft Pvt Ltd (TerraEdge / TerraEdgeSoft.ai),,hello@terraedgesoft.ai,,,,,Not contacted,B-MEDIUM | Vashi | documented intern/fresher hiring; public general email; public phone; active careers page; small/startup - more approachable; stack matches your skills
Trigun Infotech Pvt Ltd,,info@triguninfotech.com,,,,,Not contacted,B-MEDIUM | CBD Belapur | documented intern/fresher hiring; public general email; public phone; active careers page; small/startup - more approachable; stack matches your skills
FynTune Solution Pvt Ltd,,"devendrabatra@fyntune.com (CEO, publicly listed)",,,,,Not contacted,B-MEDIUM | Turbhe | documented intern/fresher hiring; public general email; active careers page; small/startup - more approachable; stack matches your skills
Arrk Solutions Pvt Ltd (Arrk Group India),,talktous@arrkgroup.com,,,,,Not contacted,B-MEDIUM | Ghansoli | documented intern/fresher hiring; public general email; public phone; active careers page; stack matches your skills
Aurionpro Solutions Ltd,,ce.enquiries@aurionpro.com (business enquiries mailbox),,,,,Not contacted,B-MEDIUM | Rabale | documented intern/fresher hiring; public general email; public phone; active careers page; stack matches your skills
Nelito Systems Ltd,,marketing@nelito.com,,,,,Not contacted,B-MEDIUM | Airoli | documented intern/fresher hiring; public general email; public phone; active careers page; stack matches your skills
Sarla Technologies Pvt Ltd,,sarla.ind@sarlatech.com,,,,,Not contacted,B-MEDIUM | Ghansoli | documented intern/fresher hiring; public general email; public phone; active careers page; stack matches your skills
e2Serv Ventures Pvt Ltd (e2Serv Technologies),,"raj0506@yahoo.com (listed on a B2B directory as the company contact - a personal-style address, treat with caution and prefer the website)",,,,,Not contacted,B-MEDIUM | CBD Belapur | documented intern/fresher hiring; public general email; small/startup - more approachable; stack matches your skills
Azentio Software Pvt Ltd,,legal@azentio.com (legal mailbox only - not for recruitment),,,,,Not contacted,C-LOW | Vashi | documented intern/fresher hiring; public general email; active careers page; stack matches your skills
Dimensionless Technologies Pvt Ltd,,info@dimensionless.in,,,,,Not contacted,C-LOW | Vashi | public general email; public phone; small/startup - more approachable; stack matches your skills
Crafsol Technology Solutions Pvt Ltd,,nirmal.jain@crafsol.com (named contact published on company site),,,,,Not contacted,C-LOW | Airoli | public general email; small/startup - more approachable; stack matches your skills
Neolite Infotech India Pvt Ltd,,info@neolite.in,,,,,Not contacted,C-LOW | CBD Belapur | public general email; small/startup - more approachable; stack matches your skills
