No.,Company,Removal criterion,Reason,Area,Station
1,DST Worldwide Services India (SS&C group),DUPLICATE,"Part of the SS&C group and listed at the same Mindspace Bldg 5&6 Airoli address as the SS&C Technologies entry - same office, same careers pipeline.","Mindspace Airoli East Bldg 5 & 6, Serene Properties, Thane-Belapur Rd, Airoli",Airoli
2,Aon India (Aon Services India),NOT TECH-RELEVANT,"Insurance broking and professional services, not a software or product organisation.","Vishwaroop IT Park, Sector 30A, Vashi",Vashi
3,Arcadis India,NOT TECH-RELEVANT,Design and engineering consultancy; no verified software-development function at the Navi Mumbai sites.,"Vishwaroop IT Park, Sector 30A, Vashi + Bldg Q2, Aurum Q Parc, Ghansoli",Vashi / Ghansoli
4,Axis Securities Ltd,NOT TECH-RELEVANT,A broking firm. No verified in-house engineering team at this site.,"Bldg Q2, Aurum Q Parc, TTC Industrial Area, Thane-Belapur Rd, Ghansoli",Ghansoli
5,DP World Global Service Centre,NOT TECH-RELEVANT,"Ports and logistics shared-service centre; the indexed Ghansoli roles are operations, not software.","Units 2 & 3, 21st Floor and Unit 1, 22nd Floor, Aurum Q2 IT Parc, Plot Gen-4/1, Bldg Q2, TTC Industrial Area, Ghansoli",Ghansoli
6,FirstRand Services Pvt Ltd (FirstRand Bank India GCC),NOT TECH-RELEVANT,Bank captive centre with no verified software-engineering function or recruitment channel.,"Bldg Q1, Aurum Q Parc, TTC Industrial Area, Thane-Belapur Rd, Ghansoli",Ghansoli
7,Hinduja Global Solutions (HGS),NOT TECH-RELEVANT,"BPM/process outsourcing. The Vashi intake is process work, not software engineering.","International Infotech Park, Vashi (adjacent to Vashi railway station)",Vashi
8,ICICI Bank (Aurum Q Parc technology/operations office),NOT TECH-RELEVANT,"A retail bank. No verified software-engineering function at this Ghansoli site, and hiring runs through general bank recruitment.","Bldg Q2, Aurum Q Parc, TTC Industrial Area, Thane-Belapur Rd, Ghansoli",Ghansoli
9,e2Serv Ventures Pvt Ltd (e2Serv Technologies),UNVERIFIABLE EMAIL,The only contact found was a personal-style yahoo.com address on a B2B directory - not a verifiable company mailbox. Three different registered addresses also made the operating office unclear.,"Sector 15, CBD Belapur (registered addresses at V Times Square 503 / Chawla Complex 204 / Belle Vista C-1003)",CBD Belapur
10,AIBiStreet,UNVERIFIED LOCATION,"Address comes from one blog listing. No website, no registry or map corroboration.","Bhoomi Colossa, Shop 29, Plot 4, Sector 19, Airoli",Airoli
11,Black Box Ltd (Black Box Network Services),UNVERIFIED LOCATION,Single Gigaplex tenant-listing source; no corroboration and no contact channel.,"Gigaplex Bldg 9, Plot IT-5, Mindspace, Airoli West",Airoli
12,CMA CGM Shared Service Centre India,UNVERIFIED LOCATION,Single tenant-listing source; also a shipping shared-service centre rather than a software employer.,"Gigaplex Bldg 2 and Bldg 4, Plot IT-5, Airoli Knowledge Park, TTC Industrial Area, Airoli West",Airoli
13,Continuum Information Systems,UNVERIFIED LOCATION,"Tenancy at Reliable Tech Park appears in one property tenant listing only. No website, no corroboration, current operating status unconfirmed.","Reliable Tech Park, behind Reliable Plaza, off Thane-Belapur Rd, Airoli",Airoli
14,Crisco Consulting,UNVERIFIED LOCATION,Directory plus tenant listing only; no website or contact confirmed.,"8th Floor, Q2 Building, Aurum Q Parc, Thane-Belapur Rd, Ghansoli",Ghansoli
15,Finicity Technologies Pvt Ltd,UNVERIFIED LOCATION,"Only an MCA-registered address, which is not evidence of an operating office. Post-acquisition status of the India entity is unconfirmed.","Floor 11, Unit 1101, Bldg 9, Gigaplex Estate, Plot IT-5, Mindspace, Airoli West",Airoli
16,Huawei Telecommunications (India) Co Pvt Ltd,UNVERIFIED LOCATION,Vashi presence rests on a building tenant listing. Huawei publishes no first-party India office page confirming a Vashi site.,"Vishwaroop IT Park, Sector 30A, Vashi (opposite Vashi railway station)",Vashi
17,Ness Digital Engineering (Ness Technologies India),UNVERIFIED LOCATION,Single tenant-listing source; no first-party page confirming a current Airoli site after the Ness rebrand.,"Mindspace Airoli East Bldg 5 & 6, Serene Properties, Thane-Belapur Rd, Airoli",Airoli
18,Nestcraft Design Studio,UNVERIFIED LOCATION,One yellow-pages listing only; no website or corroborating source.,"46 Gautam Complex, Sector 11, CBD Belapur",CBD Belapur
19,NetBiz Systems,UNVERIFIED LOCATION,"Appears only in the Vishwaroop IT Park tenant listing. No website, no second source.","Vishwaroop IT Park, Sector 30A, Vashi",Vashi
20,Parivartan AI,UNVERIFIED LOCATION,Only a pincode (400708 Airoli). No street address published; could not confirm a physical office.,Airoli (pincode 400708) - exact street address not published,Airoli
21,Payfront Technologies India Pvt Ltd (formerly Excelity Global),UNVERIFIED LOCATION,Single tenant-listing source for the Vashi office; no first-party confirmation.,"Vishwaroop IT Park, Sector 30A, Vashi",Vashi
22,Prosper Technology Solutions,UNVERIFIED LOCATION,One directory listing only. No website or contact channel to confirm the office exists.,"A-302, Swami Samarth, Plot 88, Sector 14, Kopar Khairane",Kopar Khairane
23,RI Infotech,UNVERIFIED LOCATION,"Only a sector-level ""Sector 11, CBD Belapur"" mention on one aggregator search page. No street address, website or corroborating source.","Corporate office, Sector 11, CBD Belapur",CBD Belapur
24,SLB (Schlumberger) Mahape office,UNVERIFIED LOCATION,Mahape presence reported only by area guide blogs. No first-party SLB page confirms a Millennium Business Park site.,"Millennium Business Park, Mahape, TTC Industrial Area",Ghansoli
25,Vayutech Global Solutions Pvt Ltd,UNVERIFIED LOCATION,Only a registered office in a residential flat in Kharghar. No operating office confirmed; also no verifiable email.,"E-91 Raghav, Sector 3, Kharghar (registered office)",Kharghar
