No.,Company,Area / Address,Nearest Station,Approx. Distance,Company Type,Technology / Domain,1 HR/recruitment email,2 General company email,3 LinkedIn page,4 Careers page,5 Current opening,6 Prior intern/fresher evidence,Score /6,Emailable now,HR Email,General Email,Phone,Website,Careers Page,LinkedIn,Relevant Roles,Current Opening detail,Internship Evidence detail,Cold outreach practical?,Sources
1,Silicon Interfaces,"Software Development / VLSI Design Centre, Vashi (corporate office at Mahalaxmi, Mumbai)",Vashi,Not found (exact Vashi street address not published),Semiconductor IP / software product company (founded 1990),"Semiconductor IP cores, VLSI design, embedded/EDA software, web & application development",YES,YES,YES,YES,YES,YES,6,YES,recruit@siliconinterfaces.com,info@siliconinterfaces.com,+91 22 4600 8566 (corporate office),https://www.siliconinterfaces.com/,https://www.siliconinterfaces.com/CareersHome.htm,https://in.linkedin.com/company/silicon-interfaces,"Software Developer Intern, Backend Developer Intern, Embedded/VLSI Intern, QA Intern","YES - internships advertised with a stated stipend of Rs 15,000-25,000 per month","Own careers page states the India centres are continually hiring, publishes a recruitment mailbox, and internship positions are advertised at Rs 15,000-25,000/month; Vashi-location openings indexed on Indeed and SimplyHired","YES - a published recruit@ mailbox plus a paid internship with a stated stipend. Confirm the internship is at the Vashi centre, not Mahalaxmi","https://www.siliconinterfaces.com/CareersHome.htm ; https://www.siliconinterfaces.com/OfficesIndia.htm ; https://www.siliconinterfaces.com/ContactSI.htm ; https://in.indeed.com/q-silicon-interfaces-l-vashi,-navi-mumbai,-maharashtra-jobs.html"
2,Intelegain Technologies Pvt Ltd,"Akshar Bluechip IT Park, Turbhe MIDC",Turbhe,~1.5 km,IT services / Digital transformation (Microsoft Partner),"Custom software development, web/mobile apps, .NET & Microsoft stack, cloud, digital transformation",YES,YES,YES,YES,no,YES,5,YES,careers@intelegain.com,contactus@intelegain.com,+91 22 62596100 / +91 22 62596124,https://www.intelegain.com/,https://www.intelegain.com/careers/,https://in.linkedin.com/company/intelgain-technologies-pvt-ltd,"Software Developer Intern, Backend Developer Intern, Full-Stack Intern, Python/Java Intern, QA Intern",Careers page active - verify live,Dedicated careers page plus a published recruitment email; actively lists jobs on Naukri,Yes - dedicated careers@ email published on their own site,https://www.intelegain.com/locations/ ; https://www.intelegain.com/careers/ ; https://in.linkedin.com/company/intelgain-technologies-pvt-ltd
3,NeoSOFT Pvt Ltd,"Gigaplex IT Park Bldg 4 (Airoli West) + Sigma IT Park Unit 501, Rabale",Airoli (Gigaplex) / Rabale (Sigma IT Park),Gigaplex ~2 km from Airoli; Sigma IT Park ~1.5 km from Rabale,IT services / software development (large),"Custom software, web & mobile, Java, Python, .NET, PHP, cloud, DevOps, QA",YES,no,YES,YES,YES,YES,5,YES,careers@neosofttech.com ; recruitment@neosofttech.com,Not found,Not found,https://www.neosofttech.com/,https://www.neosofttech.com/careers/ and https://careers.neosofttech.com/,https://in.linkedin.com/company/neosoft,"Software Developer Intern, Backend Intern, Java/Spring Boot Intern, Python Intern, Full-Stack Intern, QA/Automation Intern",Yes - internship vacancies listed on Internshala; fresher drives advertised,76 internship vacancies listed via Internshala; documented B.Sc IT fresher hiring drive (50 openings); dedicated university/campus portal university.neosofttech.com,Yes - two published recruitment mailboxes plus a campus portal,https://www.neosofttech.com/careers/ ; https://www.neosofttech.com/offices/rabale-mumbai/ ; https://internshala.com/internships/internship-at-neosoft-technologies/ ; https://university.neosofttech.com/site/signup ; https://www.freejobalert.com/neosoft-technologies/22862/
4,GeBBS Healthcare Solutions Pvt Ltd,"Mindspace Bldg 5, 4th Office Level, Thane-Belapur Rd, Airoli",Airoli,~2.5 km,Healthcare BPM / technology services company,"Healthcare revenue-cycle management, medical coding technology, healthcare data/analytics",YES,no,no,YES,YES,YES,4,YES,careers@gebbs.com,Not found,022-39487535 / 32 / 37 / 40,https://gebbs.com/,https://gebbs.com/about-us/careers/ ; https://gebbs.com/about-us/careers/apply-now/,Not found,"Software Developer Intern, QA Intern, Data/Software Engineering Intern (note: much of their fresher intake is medical-coding, not software)",Yes - continuous fresher/trainee hiring with walk-in interviews,"Published recruitment mailbox careers@gebbs.com and a dedicated applicant portal careers.gebbs.com; documented fresher hiring drives (CPC medical coder, AR Associate Trainee, Trainee Medical Coding/Billing)","Yes - careers@ mailbox is published, but confirm they have software (not only coding) intern roles",https://gebbs.com/about-us/careers/ ; https://gebbs.com/about-us/careers/apply-now/ ; https://in.indeed.com/cmp/Gebbs-Healthcare-Solutions-Pvt.-Ltd---Airoli
5,AppZime Technologies Pvt Ltd,"Office 1106, 11th Floor, Kamdhenu Commerz, Sector 14, Kharghar",Kharghar,~1.5 km,IT services / software company,"Web & mobile app development, AI, cloud & DevOps, UI/UX, IT staffing; FinTech, e-commerce, logistics, healthcare clients",YES,no,no,YES,no,YES,3,YES,careers@appzime.com,Not found (contact form at appzime.com/contact-us/),Not found,https://appzime.com/,https://appzime.com/career/,Not found,"Backend Developer Intern, Full-Stack Intern, Cloud/DevOps Intern, AI/ML Intern, Software Developer Intern",Careers page active - verify live,Published recruitment mailbox careers@appzime.com and a dedicated careers page inviting applications; Internshala company profile exists,YES - a real careers@ mailbox plus cloud/DevOps and AI work; one of the better cold-email targets on this list,https://appzime.com/career/ ; https://appzime.com/contact-us/ ; https://internshala.com/company/appzime-technologies-1766536260/ ; https://techbehemoths.com/company/appzime-technologies-pvt-ltd
6,Cognizant Technology Solutions India Pvt Ltd,"Mindspace Bldg 5 & 6, MIDC Industrial Area, Airoli + Gigaplex Bldg 9",Airoli,~2.5 km,Global IT services MNC,"Application development, cloud, data & AI, digital engineering, QA",YES,no,no,YES,no,YES,3,YES,talentattractteam@cognizant.com,Not found,Not found,https://www.cognizant.com/in/en,https://careers.cognizant.com/india-en/,Not found,"Software Developer Intern, Backend/Java Intern, Full-Stack Intern, Data Intern, QA/Automation Intern",Airoli openings indexed - verify live,"Published talent-attraction mailbox; India careers portal with entry-level programmes; ~250,000 associates in India","Partly - a talent-attraction mailbox is published, which is unusual for an MNC; still apply through the portal as the primary route",https://careers.cognizant.com/india-en/ ; https://www.sulekha.com/cognizant-technology-solutions-pvt-ltd-airoli-mumbai-contact-address ; https://www.contactnumbers.in/cts-airoli-navi-mumbai-company-profile-and-job-contacts/
7,Hadwise Technologies Pvt Ltd / Hadwise Infotech,"Vashi (near Inorbit Mall), Navi Mumbai",Vashi,~1 km,Small IT outsourcing company,"Web development, web design, mobile app development, graphics, digital marketing",YES,no,no,YES,no,YES,3,YES,career@hadwisetechnologies.com,Not found,+91-22-35110272 / 35110282,http://hadwiseinfotech.com/ ; https://hadwisetechnologies.com/,https://hadwisetechnologies.com/career.php,Not found,"Full-Stack Intern, Web Developer Intern, Backend Intern, Software Developer Intern",Careers page active - verify live,Published careers mailbox career@hadwisetechnologies.com and a careers page; Internshala company profile for Hadwise Infotech; recruiter profiles on PlacementIndia,YES - a career@ mailbox is published. NOTE: Hadwise Infotech and Hadwise Technologies appear as two related entities; confirm which one you are applying to,https://hadwisetechnologies.com/career.php ; http://hadwiseinfotech.com/ ; https://internshala.com/company/hadwise-infotech-private-limited-1569392859/ ; https://www.justdial.com/Mumbai/Hadwise-Technologies-Pvt-Ltd-Near-Inorbit-Mall-Vashi/022PXX22-XX22-150311160118-N1W2_BZDET
8,Ansha Software,"Office 1108, Haware Infotech Park, Sector 30A, Vashi",Vashi,~0.8 km,Small software development company,"Software development for the trucking/logistics industry, website design, mobile apps",YES,no,no,no,no,no,1,YES,hr@anshasoftware.com,Not found,Not found,Not found (listed via directories),Not found,Not found,"Backend Developer Intern, Full-Stack Intern, Software Developer Intern, QA Intern",Not found,Not found (but a dedicated HR mailbox is published),"Yes - a genuine hr@ mailbox is published, which is exactly what direct outreach needs",https://www.sulekha.com/ansha-software-vashi-mumbai-contact-address ; https://www.justdial.com/Mumbai/Ansha-Software-Opposite-Vashi-Railway-Station-Vashi/022PXX22-XX22-190730125700-T8Q3_BZDET
9,Maxgen Technologies Pvt Ltd,"Ambiance Court, Sector 19E, Vashi (also listed at Platinum Techno Park, Sector 30)",Vashi,~1.5 km (Sector 19E); Platinum Techno Park ~0.5 km,IT services / training-led software company,"Web & app development, Java, Python, ML/AI, Data Science, .NET, Android, PHP, software testing",no,YES,YES,YES,YES,YES,5,YES,Not found,info@maxgentechnologies.com,9099039845 / 8758888221,https://www.maxgentechnologies.com/,https://www.maxgentechnologies.com/internship and https://www.maxgentechnologies.com/career,https://in.linkedin.com/company/maxgen-technologies,"Java Developer Intern, Python Developer Intern, Full-Stack Intern, Data Science/AI-ML Intern, QA/Testing Intern",Yes - runs a standing internship programme with a dedicated internship page,"Dedicated internship page listing Python/ML/AI/Data Science/Java/.NET/Android/PHP/QA internships; internship listings on Internshala, Freshersworld and PlacementIndia for its Vashi and Kopar Khairane locations",Yes - explicitly recruits interns; general email and phones public. NOTE: verify whether the internship is paid or a paid-training model before committing,https://www.maxgentechnologies.com/internship ; https://www.maxgentechnologies.com/contact ; https://www.freshersworld.com/jobs/internship-jobs-in-navi-mumbai-maxgen-technology-pvt-ltd-772689 ; https://www.placementindia.com/job-detail/data-science-internship-jobs-in-mumbai-kopar-khairane-mumbai-vashi-mumbai-for-maxgen-technology-pvt-ltd-941128.htm
10,Smartinfologiks,"305/514 Hilton Centre, Sector 11, CBD Belapur",CBD Belapur,~0.7 km,IT services / software development company,"Enterprise software development, MERN stack, digital solutions, IT consulting",no,YES,YES,YES,YES,YES,5,YES,Not found,admin@smartinfologiks.com ; sales@smartinfologiks.com,+91-9867948621 / +91-7400064691,https://www.smartinfologiks.com/,https://www.smartinfologiks.com/about/careers/,https://in.linkedin.com/company/smartinfologiks/,"Full-Stack (MERN) Intern, Software Developer Intern, Backend Intern, QA/Testing Intern",Yes - actively recruiting Software Testers and MERN Stack Developers,Careers page with live openings for MERN Stack Developer and Software Tester,"Yes - small company, admin email and two direct phone numbers published",https://www.smartinfologiks.com/about/contactus/ ; https://www.smartinfologiks.com/about/careers/
11,Arrk Solutions Pvt Ltd (Arrk Group India),"Bldg No. 5, Sector 2, Millennium Business Park, Mahape",Ghansoli,~3 km (also reachable from Turbhe ~4 km),IT services / product engineering (UK-owned),"Web & mobile application development, Python, Java, PHP, cloud (AWS), DevOps, ML",no,YES,YES,YES,no,YES,4,YES,Not found,talktous@arrkgroup.com,+91 22 2778 4200,https://www.arrkgroup.com/,https://www.arrkgroup.com/careers/arrk-india-careers/,https://www.linkedin.com/company/arrk-group-india,"Software Developer Intern, Backend Intern, Python Intern, Full-Stack Intern, Cloud/DevOps Intern",Careers page active - verify live,Dedicated India careers page (arrkgroup.com/careers/arrk-india-careers/),"Yes - general company email published, India-specific careers page",https://www.arrkgroup.com/contact-us/ ; https://www.arrkgroup.com/careers/arrk-india-careers/ ; https://www.zaubacorp.com/ARRK-SOLUTIONS-PRIVATE-LIMITED-U72900MH2002FTC135091
12,Aurionpro Solutions Ltd,"Synergia IT Park, Plot R-270, TTC Industrial Estate + Unit 603, Sigma IT Park, Plot R-203/204, Rabale",Rabale,~1.5 km,Listed product company (FinTech / enterprise software),"Banking & fintech platforms, transaction banking, lending, payments, cybersecurity, smart-city tech; Java-heavy",no,YES,YES,YES,no,YES,4,YES,Not found,ce.enquiries@aurionpro.com (business enquiries mailbox),+91-22-4040-8080,https://www.aurionpro.com/,https://www.aurionpro.com/ (Careers) ; https://www.naukri.com/aurionpro-jobs-careers-1322,https://in.linkedin.com/company/aurionpro-solutions,"Java Developer Intern, Spring Boot Intern, Backend Developer Intern, Full-Stack Intern, Cybersecurity Intern, QA/Automation Intern",Openings listed on Naukri/LinkedIn - verify live,"Runs a named global internship programme (""Accelerate"") covering technology and engineering functions, described on its own site",Yes - named internship programme plus a published enquiries mailbox and landline; strong Java/fintech fit,https://ace.aurionpro.com/contact/ ; https://in.linkedin.com/company/aurionpro-solutions ; https://en.wikipedia.org/wiki/Aurionpro ; https://www.naukri.com/aurionpro-jobs-careers-1322
13,Hexaware Technologies Ltd,"Bldg 1, Millennium Business Park, Sector 2/3 TTC Industrial Area, Mahape + Loma IT Park Ghansoli + Aurum Q Parc Q1, Ghansoli",Ghansoli,"~0.5 km (Loma IT Park, opposite Ghansoli station); MBP Mahape ~3 km",Listed IT services company (HQ in Navi Mumbai),"Digital transformation, cloud, automation, data & analytics, application development",no,no,YES,YES,YES,YES,4,no,Not found,Not found (contact form at hexaware.com/contact-us/),Not found,https://hexaware.com/,https://jobs.hexaware.com/ ; https://careers.hexaware.com/career/,https://in.linkedin.com/company/hexaware-technologies,"Software Developer Intern, Backend/Java Intern, Full-Stack Intern, Cloud Intern, QA/Automation Intern",Yes - 48 internship vacancies listed via Internshala; fresher walk-in drives run regularly,48 Hexaware internship vacancies indexed on Internshala; multiple documented walk-in drives for freshers; graduate-employer profile on Prosple; own careers portal jobs.hexaware.com,"Partly - no HR email, but the internship pipeline is well documented and its HQ is in your corridor. Apply via portal + Internshala",https://jobs.hexaware.com/ ; https://internshala.com/internships/internship-at-hexaware/ ; https://in.prosple.com/graduate-employers/hexaware-technologies ; https://www.mappls.com/8sb35s
14,Intelecorp Software (I) Pvt Ltd / Intelebiz,"Office 101/102, 1st Floor, Monarch Plaza, Plot 56, Sector 11, CBD Belapur",CBD Belapur,~0.7 km,IT services / custom software company,"Custom software, e-commerce, web & mobile development, tax-preparation software, dealership management, telehealth",no,no,YES,YES,YES,YES,4,no,Not found,Not found (contact form at intelebiz.com/contact-us/),Not found,https://www.intelebiz.com/,https://www.intelebiz.com/jobs/,https://in.linkedin.com/company/intelecorp,"Full-Stack Intern, Backend Developer Intern, Software Developer Intern, QA Intern",Yes - own jobs section carries live postings,Own careers/jobs section (intelebiz.com/jobs/...) with live role pages; active recruiter listings on Indeed and PlacementIndia,Yes - small company with its own live jobs section; use the contact form or LinkedIn,https://www.intelebiz.com/contact-us/ ; https://www.intelebiz.com/jobs/hr-recruitment-specialist/ ; https://in.linkedin.com/company/intelecorp
15,Interface Design Associates Pvt Ltd (IDAPL),"R-722, MIDC TTC Industrial Area, behind Alfa Laval, Rabale",Rabale,~1.5 km,Mechatronics / embedded product company,"CNC controllers, automation products, embedded systems, CAD/CAM software for metal 3D printing; Python, C++",no,YES,no,YES,YES,YES,4,YES,Not found,sales@idapl.in,022 2789 3070,https://idapl.in/,https://internshala.com/internship/detail/software-engineer-internship-in-navi-mumbai-at-interface-design-associates-private-limited1777112073,Not found,"Software Engineer Intern (Python, C++, data structures & algorithms), Backend Developer Intern, Embedded Software Intern",YES - Software Engineer Internship in Navi Mumbai listed on Internshala,"Live Software Engineer internship posting on Internshala describing work on their CAD/CAM platform for a metal 3D printing machine using Python, Python libraries, C++, data structures and algorithms",YES - small Rabale product company with a live Python/C++ internship and a published email and landline,https://idapl.in/ ; https://internshala.com/internship/detail/software-engineer-internship-in-navi-mumbai-at-interface-design-associates-private-limited1777112073 ; https://www.msmemart.com/member/aboutus/209923/interface-design-associates-pvt-ltd
16,LeapSwitch Networks Pvt Ltd,"Unit 902, Sigma IT Park, Plot R-203/204, TTC MIDC, Rabale (Pune HQ)",Rabale,~1.5 km,Cloud / hosting infrastructure company,"Cloud servers, VPS, dedicated servers, colocation, managed hosting, Linux infrastructure, GPU/AI cloud",no,no,YES,YES,YES,YES,4,no,Not found,Not found (only an email-pattern guess was available from lead-gen sites - deliberately NOT used),+91-20-6760-1000 (Pune HQ line),https://leapswitch.com/,https://leapswitch.com/careers.php,https://in.linkedin.com/company/leapswitch-networks,"Cloud/DevOps Intern, Linux System Admin Intern, Backend Developer Intern",Yes - Linux System Admin Internship listed on Internshala (multiple locations); SEO Intern (3-month) also advertised,Live Linux System Admin internship posting on Internshala; own careers page; Internshala employer profiles; 5 open positions on Glassdoor,"Yes - documented Linux/infra internships; good route into cloud/DevOps. Confirm the internship is based at Rabale, not Pune",https://leapswitch.com/careers.php ; https://internshala.com/internship/detail/linux-system-admin-internship-in-multiple-locations-at-leapswitch-networks-private-limited1771325554 ; https://www.datacentermap.com/india/navi-mumbai/mumbai-dc1/specs/ ; https://in.linkedin.com/company/leapswitch-networks
17,Mastek Ltd,"A/7 Mastek Millennium Centre, Millennium Business Park, Mahape (also A/303, Sector 1)",Ghansoli,~3 km,Listed IT services company,"Digital engineering, application development (Java, .NET), cloud, data, Oracle/Salesforce practices",no,no,YES,YES,YES,YES,4,no,Not found,Not found (contact form at mastek.com/contact-us/),Not found,https://www.mastek.com/,https://www.mastek.com/careers/ ; https://careers.mastek.com/,https://in.linkedin.com/company/mastek,"Software Developer Intern, Java Developer Intern, Backend Intern, Full-Stack Intern, QA/Automation Intern",Yes - careers portal and Mahape/Navi Mumbai openings indexed,"Dedicated careers portal (careers.mastek.com) plus an apply-job page; ~1,000 Mahape-area listings indexed on Indeed and 30 on Naukri","No - large company, apply through careers portal; but the Mahape campus is a major local employer worth tracking","https://www.mastek.com/contact-us/ ; https://www.mastek.com/careers/ ; https://careers.mastek.com/ ; https://in.indeed.com/q-mastek-ltd,-navi-mumbai-l-mahape,-maharashtra-jobs.html"
18,Nelito Systems Ltd,"Empire Tower, Reliable Tech Park, Thane-Belapur Road, Airoli",Airoli,~1 km,Product + IT services company (FinTech),"Banking/financial services software (core banking, lending, microfinance), government IT projects; Java-heavy stack",no,YES,YES,YES,no,YES,4,YES,Not found,marketing@nelito.com,+91 22 6731 4444,https://www.nelito.com/,https://www.nelito.com/careers.html,https://in.linkedin.com/company/nelito-systems-pvt-ltd,"Java Developer Intern, Spring Boot Intern, Backend Developer Intern, SQL/Database Intern, QA/Automation Intern",Careers page lists current openings - verify live,"Dedicated careers page with current job openings; 25+ year old company, ~430 customers","Yes - HQ is in Airoli, general email public, careers page active",https://www.nelito.com/contact.html ; https://www.nelito.com/careers.html ; https://www.nelito.com/news/nelito-systems-ltd-moves-to-a-new-corporate-headquarters-in-airoli-navi-mumbai.html
19,SS&C Technologies / SS&C GlobeOp Financial Services Technologies (India) Pvt Ltd,"3rd & 4th Floor Office Level, Bldg 5 & 6, Mindspace SEZ, Thane-Belapur Rd, Airoli",Airoli,~2 km,Global FinTech product company,"Fund administration technology, financial services software, data platforms; SQL/Java/.NET",no,no,YES,YES,YES,YES,4,no,Not found,Not found,Not found,https://www.ssctech.com/,https://www.ssctech.com/careers/join-ssc,https://www.linkedin.com/company/ss-c-technologies/jobs,"Backend Developer Intern, Java Developer Intern, SQL/Database Intern, Data/Software Engineering Intern, QA/Automation Intern",Yes - 25-30 Airoli openings indexed; 29 open positions on Glassdoor,Own careers page explicitly invites college-internship applicants; 25-30 Airoli-location openings indexed across Indeed/SimplyHired/Glassdoor,Partly - their careers page names college internships explicitly; strong fintech + SQL fit for your stack,"https://www.ssctech.com/careers/join-ssc ; https://www.ssctech.com/about/offices ; https://in.indeed.com/q-ss&c-technologies-l-airoli,-navi-mumbai,-maharashtra-jobs.html ; https://foursquare.com/v/ssc-globeop/50aa3155e4b025015d0ba8c8"
20,Sarla Technologies Pvt Ltd,"1019, 10th Floor, Rupa Solitaire, Sector 1, Millennium Business Park, Mahape",Ghansoli,~3 km,Engineering services + software company,"Industrial automation, design engineering, software development, embedded/engineering services",no,YES,YES,YES,no,YES,4,YES,Not found,sarla.ind@sarlatech.com,022 6785 2300,https://sarlatech.com/,https://www.naukri.com/sarla-technologies-jobs ; https://companies.naukri.com/sarlatech-jobs/contact,https://in.linkedin.com/company/sarla-technologies,"Software Developer Intern, Backend Developer Intern, Embedded/Automation Software Intern, SQL/Database Intern",Openings listed on Naukri - verify live,Active Naukri employer page and a company contact page on naukri.com; ISO 9001:2015 certified with 350+ engineers,Yes - general company email and landline published; large enough engineering team to absorb an intern,https://sarlatech.com/contact-us/ ; https://in.linkedin.com/company/sarla-technologies ; https://www.naukri.com/sarla-technologies-jobs
21,Techvizo,"Akshar Business Park B-1005, Plot 3, Sector 25, Vashi",Vashi,~2 km,Small IT outsourcing / web development company,"Web development, PHP, WordPress, mobile app development",no,YES,no,YES,YES,YES,4,YES,Not found,help@techvizo.com,+91 8282825584,https://www.techvizo.com/,https://www.techvizo.com/careers/,Not found,"Full-Stack Intern, Backend (PHP) Intern, Web Developer Intern, QA Intern","YES - actively seeking interns (0-1 years experience), Navi Mumbai",Careers page states it is seeking interns with 0-1 years experience alongside WordPress Developer and BD roles,"Yes - explicitly advertising intern positions, with a published email and mobile number",https://www.techvizo.com/careers/ ; https://www.techvizo.com/contact-us/ ; https://www.techvizo.com/about-us/
22,3i Infotech Ltd,"Tower 5, 3rd-6th Floor, International Infotech Park, Vashi",Vashi,~0.2 km (IIP adjoins Vashi station),Listed IT services company (HQ in Navi Mumbai),"IT services, application development (Java), BPS, cloud, digital, BFSI solutions",no,no,no,YES,YES,YES,3,no,Not found,Not found,+91 22 71238000,https://www.3i-infotech.com/,https://www.3i-infotech.com/job-location/vashi-navi-mumbai/,Not found,"Java Developer Intern, Backend Developer Intern, Software Developer Intern, QA/Automation Intern","Yes - Vashi-specific job-location page on own careers site, incl. Java Developer roles",Own careers site runs a Vashi-Navi Mumbai job-location page; Java Developer openings indexed for Vashi,Limited - apply through their Vashi job-location page; HQ is walking distance from Vashi station,https://www.3i-infotech.com/job-location/vashi-navi-mumbai/ ; https://www.globaldata.com/company-profile/3i-infotech-ltd/locations/
23,Accenture Solutions Pvt Ltd,"Mindspace Serene Properties IT/ITES SEZ Bldg 2 (1st-4th Flr), Airoli + Gigaplex Bldg 6, Airoli Knowledge Park",Airoli,~2-2.5 km,Global IT services / consulting MNC,"Technology consulting, application development, cloud, data & AI, managed services",no,no,no,YES,YES,YES,3,no,Not found,Not found,1 (877) 889 9009,https://www.accenture.com/in-en,https://www.accenture.com/in-en/careers,Not found,"Software Developer Intern, Backend Intern, Full-Stack Intern, Data/AI Intern, QA/Automation Intern",Yes - large volume of Airoli openings indexed; summer internships offered,Own careers site advertises summer internships and career-beginner programmes; thousands of Airoli-location listings indexed on Indeed/Naukri/Glassdoor,No - apply only through the careers portal; cold email is not a practical route at this scale,"https://www.accenture.com/in-en/careers ; https://www.sulekha.com/accenture-services-pvt-ltd-airoli-mumbai-contact-address ; https://www.mappls.com/a6aoi9 ; https://in.indeed.com/q-accenture,-mindspace-l-airoli,-navi-mumbai,-maharashtra-jobs.html"
24,Advin Softwares Pvt Ltd,"Office No. 21, Ground Floor, Bhoomi Mall, CBD Belapur (Sector 15)",CBD Belapur,~1 km,Small product-based software company,"ERP, CRM, HRMS, SupportDesk, PMS, custom software",no,no,no,YES,YES,YES,3,no,Not found,Not found (address redacted in indexed listing - verify on their contact page),Not found,https://advinsoftwares.com/,https://advinsoftwares.com/ (Careers),Not found,"Backend Developer Intern, Full-Stack Intern, Software Developer Intern, SQL/Database Intern, QA Intern",Yes - 2 opportunities posted; hiring since 2025,Internshala company profile shows 2 posted opportunities; own careers page collects CV uploads,"Yes - very small, new product company posting on Internshala; highly approachable",https://advinsoftwares.com/contact ; https://advinsoftwares.com/about ; https://internshala.com/company/advin-softwares-private-limited-1748063144/
25,Allerin Tech Pvt Ltd,"Shiv Chambers, Plot 21, Sector 11, CBD Belapur (also listed Matrushree, Sector 14)",CBD Belapur,~0.6 km,AI/ML product & services company,"AI, machine learning, computer vision, data engineering, IoT, big data",no,no,YES,YES,no,YES,3,no,Not found,Not found,+91-22-61846184,https://www.allerin.com/,https://www.allerin.com/careers,https://in.linkedin.com/company/allerintech,"AI/ML Intern, Data/Software Engineering Intern, Python Developer Intern, Backend Intern",Careers page lists open positions - verify live,Careers page advertising AI / data engineering / computer vision positions; described in job-platform profiles as providing training and being suitable for freshers; 4 jobs listed on Naukri,"Yes - directly matches your AI/ML target roles; phone listed, apply via careers page",https://www.allerin.com/careers ; https://in.linkedin.com/company/allerintech ; https://www.dnb.com/business-directory/company-profiles.allerin_tech_private_limited.d26a367b0d3f398f48b478458b81912c.html ; https://www.naukri.com/allerin-tech-jobs-careers-1877544
26,Atos (Atos Syntel) / Eviden,"7th Floor, Bldg 4, Mindspace, Thane-Belapur Rd, opposite Airoli railway station + Gigaplex Bldg 3",Airoli,~0.5 km (Mindspace Bldg 4 is opposite Airoli station),Global IT services MNC,"Application development, cloud, digital, managed services, testing",no,no,no,YES,YES,YES,3,no,Not found,Not found,Not found,https://atos.net/,https://jobs.atos.net/go/Jobs-in-Mumbai/3677801/,Not found,"Software Developer Intern, Backend/Java Intern, Full-Stack Intern, QA/Automation Intern",Yes - frequent fresher/entry-level walk-in drives at Airoli,"Multiple documented Atos/Atos Syntel walk-in drives for entry-level roles; ~1,000 Airoli fresher listings indexed on Indeed; own Mumbai jobs page",Partly - walk-in drives are a genuinely accessible route and the office is right at Airoli station,"https://jobs.atos.net/go/Jobs-in-Mumbai/3677801/ ; https://in.indeed.com/q-atos-syntel,-fresher-l-airoli,-navi-mumbai,-maharashtra-jobs.html ; https://careerforfreshers.com/walk-in-jobs/atos-syntel-mega-walk-in-interview-2025-12th-feb-13th-february/"
27,Azentio Software Pvt Ltd,"International Infotech Park, Tower 5, 4th-6th Floor, Vashi Railway Station Complex",Vashi,~0.1 km (in the station complex),Product company (BFSI/ERP software),"BFSI software, core banking, insurance, ERP, AML/compliance products",no,no,YES,YES,no,YES,3,no,Not found,"Not found - legal@azentio.com exists but is a legal mailbox, not a company contact or recruitment channel.",Not found,https://www.azentio.com/,https://www.azentio.com/careers ; https://www.azentio.com/careers/join-us/,https://www.linkedin.com/jobs/azentio-software-jobs-worldwide,"Backend Developer Intern, Java/Spring Boot Intern, Software Developer Intern, QA/Automation Intern, Full-Stack Intern",Careers/open-roles pages active - verify live,"Runs a named internship programme (""Azestar"") for students, per its own careers site",Partly - apply to the Azestar internship programme via their careers page; no HR email published,https://www.azentio.com/careers ; https://www.azentio.com/careers/join-us/ ; https://opencorpdata.com/lei/254900FXTH0P1JWH8R30
28,Beam Innovate Pvt Ltd,"Registered at MBP, Mahape; internship roles based in Ghansoli",Ghansoli,~1.5-3 km,IT solutions & consulting company (small),"Rapid application development, e-commerce, CRM, data analysis; Python, Angular, React, Next.js",no,no,no,YES,YES,YES,3,no,Not found,Not found (contact form at beaminnovate.com/contact),Not found,https://beaminnovate.com/,https://in.indeed.com/cmp/Beam-Innovate-Pvt-Ltd ; https://internshala.com/company/beam-innovate-private-limited-1690573820/,Not found,"Full-Stack Developer Intern (Python/Angular/React/Next.js), Front-End Developer Intern, Business Analyst Intern, Project Manager Intern","YES - multiple live internships, explicitly 6-month full-time contracts based in Ghansoli","Live Glassdoor postings for Front End Developer Intern (Navi Mumbai), Business Analyst Intern and Project Manager Intern; Full Stack Developer internship in Python/Angular/React/Next.js; Internshala company profile; stated 6-month contract length",YES - best duration match on this list (explicit 6-month internships in Ghansoli). Apply to the live postings and follow up via their contact form,"https://beaminnovate.com/contact ; https://www.glassdoor.co.in/job-listing/front-end-developer-intern-beam-innovate-pvt-ltd-JV_IC5021997_KO0,26_KE27,48.htm?jl=1009634168685 ; https://internshala.com/company/beam-innovate-private-limited-1690573820/ ; https://in.indeed.com/q-beam-innovate-l-navi-mumbai,-maharashtra-jobs.html"
29,Capgemini Technology Services India Ltd,"Airoli Knowledge Park IT3 & IT4 SEZ + Gigaplex Bldg 5 (Flr 6-8), Airoli; Capgemini Knowledge Park IT-1/IT-2",Airoli,~2 km,Global IT services / consulting MNC,"Application development (Java, .NET, cloud), digital engineering, data, testing",no,no,no,YES,YES,YES,3,no,Not found,Not found,Not found,https://www.capgemini.com/in-en/,https://www.capgemini.com/in-en/careers/,Not found,"Software Developer Intern, Java/Spring Boot Intern, .NET Intern, Cloud Intern, QA/Automation Intern",Yes - internships offered including .NET Core with Azure,Own careers site describes internship programmes (incl. remote .NET Core with Azure internships); dedicated Mumbai office careers page,No - apply through careers portal; internship programmes are the right entry point,https://www.capgemini.com/in-en/careers/lets-connect/our-offices/capgemini-mumbai/ ; https://www.capgemini.com/in-en/careers/contact-capgemini-india/our-offices/ ; https://www.mappls.com/9qg7tf
30,CitiusTech Healthcare Technology Pvt Ltd,"Mindspace Bldg 14 (also 8 and 11), Serene Properties SEZ, Thane-Belapur Rd, Airoli; plus 203 Akshar Blue Chip IT Park, Turbhe MIDC",Airoli (main) / Turbhe (Akshar unit),~2.5 km from Airoli,Large product-engineering / healthtech company,"Healthcare IT - data management, digital engineering, AI, cloud, interoperability; Java/Python/cloud",no,no,YES,YES,no,YES,3,no,Not found,Not found (contact form only),Not found,https://www.citiustech.com/,https://www.citiustech.com/careers/job-openings,https://www.linkedin.com/company/citiustech,"Software Developer Intern, Backend/Java Intern, Data/Software Engineering Intern, AI/ML Intern, QA/Automation Intern",Job-openings portal active - verify live,Dedicated job-openings portal; documented graduate/fresher engineering intake,"No - apply via careers portal; large company, no public HR email",https://www.citiustech.com/contact-us ; https://www.citiustech.com/careers/job-openings ; https://www.citiustech.com/about-us
31,Course5 Intelligence Ltd (C5i),"Unit 302, 3rd Floor, Bldg 3, Mindspace SEZ, Thane-Belapur Rd, Airoli",Airoli,~2.5 km,Data and analytics / AI services company,"Analytics, AI, data engineering, BI, market-research technology",no,no,YES,YES,no,YES,3,no,Not found,Not found (contact form only),+91 22 40464300,https://www.c5i.ai/,https://www.instahyre.com/jobs-at-course5i/,https://in.linkedin.com/company/course5i/,"Data/Software Engineering Intern, AI/ML Intern, Python Developer Intern, Analytics Intern",Openings listed via Instahyre/Indeed - verify live,Careers listings on Indeed and Instahyre; Great Place To Work certified profile,"Limited - no public HR email; apply via portal, office phone listed",https://www.c5i.ai/contact-us/ ; https://in.linkedin.com/company/course5i/ ; https://www.instahyre.com/jobs-at-course5i/
32,Deutsche Bank (India technology & operations),"Vishwaroop IT Park, Pranavanandji Marg, Sector 30, Vashi",Vashi,~0.3 km,Global bank captive technology centre,"Banking technology, Java/Spring backend, cloud, data engineering, risk systems",no,no,no,YES,YES,YES,3,no,Not found,Not found,Not found,https://www.db.com/,https://careers.db.com/explore-the-bank/locations/asia-pacific/mumbai,Not found,"Java Developer Intern, Spring Boot Intern, Backend Developer Intern, Data/Software Engineering Intern, QA/Automation Intern",Yes - 100-210 Vashi-location openings indexed,Dedicated Mumbai location page on their careers site; 100-210 Vashi openings indexed across Indeed and SimplyHired,No - apply via careers.db.com. Very strong Java/Spring Boot relevance and a 5 min walk from Vashi station,"https://careers.db.com/explore-the-bank/locations/asia-pacific/mumbai ; https://properties.cityinfoservices.com/vishwaroop-it-park-navi-mumbai-mumbai/dqgxgjz/pjd ; https://in.indeed.com/q-deutsche-bank-l-vashi,-navi-mumbai,-maharashtra-jobs.html"
33,FynTune Solution Pvt Ltd,"Turbhe MIDC / Arihant Aura, Turbhe",Turbhe,Arihant Aura is directly opposite Turbhe station (~0.1 km); Akshar Blue Chip IT Park ~1.5 km,Product company / FinTech-InsurTech startup,"Insurance technology platforms, web/API platforms for insurers and intermediaries",no,no,YES,YES,no,YES,3,no,Not found,"Not found - the only address found was an individual CEO mailbox reported by third parties; not independently verifiable, so removed.",Not found,https://www.fyntune.com/,https://www.fyntune.com/contact.html (no separate careers page found),https://in.linkedin.com/company/fyntune-solution,"Backend Developer Intern, Software Developer Intern, Java/Spring Boot Intern, Full-Stack Intern, QA/Automation Intern",Not found (no public internship posting confirmed),~236 employees; listed as an employer profile on Internshala (internship platform),"Yes - small product company, founder-led, CEO email public",https://www.fyntune.com/contact.html ; https://internshala.com/company/fyntune-solution-private-limited-1525259280/ ; https://in.linkedin.com/company/fyntune-solution
34,HERE Solutions India Pvt Ltd (HERE Technologies),"Unit 901, 9th Floor, Bldg 4, Gigaplex Estate SEZ, IT Plot 5, Airoli Knowledge Park, Airoli West",Airoli,~2 km,Global product company (location technology),"Mapping and location platforms, geospatial data engineering, backend services, ML",no,no,no,YES,YES,YES,3,no,Not found,Not found,Not found,https://www.here.com/,https://www.here.com/careers,Not found,"Backend Developer Intern, Data/Software Engineering Intern, AI/ML Intern, Software Developer Intern",Yes - 9-12 Airoli openings indexed,Dedicated Airoli office page on own site; 9-12 Airoli-location openings indexed on Indeed; Naukri employer page,No - apply through careers portal; strong product-engineering exposure if you get in,"https://www.here.com/about/here-offices/airoli ; https://www.here.com/about/here-offices/navimumbai ; https://in.indeed.com/q-here-technologies-l-airoli,-navi-mumbai,-maharashtra-jobs.html"
35,IBM India Pvt Ltd,"Mindspace Building, 6th Floor, near Airoli station, Thane-Belapur Rd, Airoli (Mindspace Bldg 5/6)",Airoli,~2 km,Global technology MNC,"Cloud, AI (watsonx), consulting, software engineering, data platforms",no,no,no,YES,YES,YES,3,no,Not found,Not found,Not found,https://www.ibm.com/in-en,https://www.ibm.com/in-en/careers ; https://www.ibm.com/in-en/careers/internships,Not found,"Software Developer Intern, AI/ML Intern, Cloud Intern, Data/Software Engineering Intern",Yes - IBM runs a standing internship programme,Dedicated India internships page describing project work from day one; Airoli-location openings indexed,No - apply through the internships portal,"https://www.ibm.com/in-en/careers/internships ; https://www.justdial.com/jdmart/Mumbai/IBM-India-Pvt-Ltd-Near-Airoli-Station-Airoli/022PXX22-XX22-131212172659-R2M4_BZDET/catalogue ; https://in.indeed.com/q-ibm-l-airoli,-navi-mumbai,-maharashtra-jobs.html"
36,IRIS RegTech Solutions Ltd (formerly IRIS Business Services),"T-231 Tower 2, 3rd Floor, International Infotech Park, Vashi + Plutonium Business Park, Turbhe MIDC",Vashi (IIP) / Turbhe (Plutonium),~0.2 km from Vashi; ~2 km from Turbhe,Listed product company / RegTech SaaS,"Regulatory technology SaaS, XBRL, compliance platforms, data products; Java/Python/cloud",no,no,no,YES,YES,YES,3,no,Not found,Not found (published address was redacted in indexed listing - verify on their contact page),Not found,https://www.irisbusiness.com/,https://www.irisbusiness.com/careers/,Not found,"Backend Developer Intern, Java/Spring Boot Intern, Python Developer Intern, Full-Stack Intern, Data/Software Engineering Intern, QA/Automation Intern",Yes - Intern role advertised for Navi Mumbai; 25 Vashi openings indexed,"Explicit ""Intern"" job posting for Navi Mumbai on BeBee; Internshala employer profile; own careers page; internships stated to carry completion certificates","Yes - strong role fit (SaaS product, Java/Python) and two offices in your corridor; get the email from their contact page",https://www.irisbusiness.com/careers/ ; https://www.irisbusiness.com/contact/ ; https://bebee.com/in/jobs/intern-iris-business-services-limited-navi-mumbai-maharashtra--t7xk-766134709 ; https://internshala.com/company/iris-business-services-limited-1483439016/
37,Jio Platforms Ltd / Reliance Jio Infocomm Ltd,"Reliance Corporate Park (RCP), Thane-Belapur Road, Ghansoli",Ghansoli,~1.5 km (RCP is opposite/near Ghansoli station),Large product & telecom technology company,"Telecom networks, cloud platforms, AI, digital services, large-scale backend engineering",no,no,YES,YES,no,YES,3,no,Not found,Not found,Not found,https://www.jio.com/,https://careers.jio.com/,https://in.linkedin.com/company/jio,"Backend Developer Intern, Java/Spring Boot Intern, Python Developer Intern, AI/ML Intern, Data/Software Engineering Intern, Cloud/DevOps Intern",Openings indexed for Ghansoli - verify live,"Dedicated Jio Careers recruitment platform (search, apply, online tests, video interviews); 413 Reliance Ghansoli listings indexed on Naukri","No - apply via Jio Careers. Largest single tech campus in your corridor, so worth monitoring",https://en.wikipedia.org/wiki/Jio_Platforms ; https://www.mappls.com/11beep ; https://in.indeed.com/cmp/Reliance-Jio-Infocomm-Ltd-Navi-Mumbai ; https://www.naukri.com/reliance-ghansoli-jobs-in-mumbai
38,Maersk Global Service Centres (India) Pvt Ltd,"Units NB 1201/1202 & SB 1202, 12th Floor, Empire Tower, Airoli off Thane-Belapur Rd + 6th Floor Reliable Techpark, Airoli",Airoli,~1 km,Global captive service & technology centre (logistics),"Logistics technology, software engineering, data platforms, technical infrastructure",no,no,no,YES,YES,YES,3,no,Not found,Not found,Not found,https://www.maersk.com/,https://www.maersk.com/careers ; https://www.maersk.com/careers/our-teams/students-graduates ; https://www.maersk.com/careers/technology,Not found,"Backend Developer Intern, Full-Stack Intern, Data/Software Engineering Intern, Cloud/DevOps Intern, QA Intern",Yes - mentorship-backed internships and a trainee programme,"Own careers site runs a Students & Graduates scheme describing mentorship-backed internships and a trainee programme, plus a dedicated Technology careers section; 50 Airoli openings indexed on Indeed",No - but a formal student/graduate internship scheme plus a real technology org makes this a strong portal application,"https://www.maersk.com/careers/our-teams/students-graduates ; https://www.maersk.com/careers/technology ; https://www.dnb.com/business-directory/company-profiles.maersk_global_service_centres_(india)_private_limited.8c1cd947d52304ba6484ef2c26e0a3d1.html ; https://in.indeed.com/q-maersk-l-airoli,-navi-mumbai,-maharashtra-jobs.html"
39,NEC Software Solutions (India) Pvt Ltd (formerly Rave Technologies),"Unit 301A, Bldg 3, Gigaplex SEZ, Plot IT-5, Airoli Knowledge Park, TTC Industrial Area, Airoli",Airoli,~2 km,Product engineering / IT services (NEC group),"Application development, IT consulting, cloud & infrastructure, SAP, Salesforce",no,no,YES,YES,no,YES,3,no,Not found,Not found (contact form at necsws.com/india/contact/),+91 22 68790200,https://www.necsws.com/india/,https://www.necsws.com/india/ (Careers),https://in.linkedin.com/company/rave-technologies,"Software Developer Intern, Backend/Java Intern, Full-Stack Intern, Cloud Intern, QA/Automation Intern",25 Airoli openings indexed - verify live,25 Airoli-location openings indexed on Indeed; active listings on Careesma and LinkedIn,Yes - mid-size with a published office line and contact form; good Java/.NET/cloud exposure,"https://www.necsws.com/india/contact/ ; https://www.necsws.com/india/about-us/ ; https://in.indeed.com/q-nec-software-solutions-india-l-airoli,-navi-mumbai,-maharashtra-jobs.html"
40,Sutherland Global Services,"4th-6th Floor, Liberty Tower, Reliable Plaza IT Park, Kalwa Industrial Area, Thane-Belapur Rd, Airoli + Mindspace Bldg 9 + Gigaplex Bldg 9",Airoli,~1 km,Global digital transformation / BPM company,"Digital operations, automation, analytics, CX technology",no,no,no,YES,YES,YES,3,no,Not found,Not found,Not found,https://www.sutherlandglobal.com/,https://www.jobs.sutherlandglobal.com/india,Not found,"Software Developer Intern, QA/Automation Intern, Data/Software Engineering Intern (note: much of the Airoli intake is voice/chat process, not software)",Yes - continuous fresher hiring and walk-in drives at Airoli,"Documented walk-in drives for freshers in Mumbai; 1,000+ Airoli listings indexed on Indeed; India careers portal","Partly - very accessible via walk-ins, but confirm the role is software/QA rather than a voice process",https://www.jobs.sutherlandglobal.com/india ; https://www.sulekha.com/sutherland-global-services-airoli-mumbai-3202635-contact-address ; https://alexahire.in/sutherland-walk-in-drive-in-mumbai-2/
41,Terra Edge Soft Pvt Ltd (TerraEdge / TerraEdgeSoft.ai),"101 Hallmark, Plot 149, Sector 28, Vashi",Vashi,~1.5 km,Enterprise AI product company (founded 2019),"Enterprise AI/ML systems, pre-trained APIs, automation, sentiment analysis, predictive analytics, network services",no,YES,no,YES,no,YES,3,YES,Not found,hello@terraedgesoft.ai ; contact@terraedgesoft.com,09892700307,https://terraedgesoft.com/,https://terraedgesoft.com/careers,Not found,"AI/ML Intern, Python Developer Intern, Backend Developer Intern, Data/Software Engineering Intern",Careers page active - verify live,Dedicated careers page on own site,"YES - small AI company, two published emails and a mobile number; directly matches your AI/ML target",https://terraedgesoft.com/contact/ ; https://terraedgesoft.com/about/ ; https://terraedgesoft.com/services/
42,Trigun Infotech Pvt Ltd,"13th Floor, Bay View Tower, Plot 7, Sector 11, CBD Belapur",CBD Belapur,~0.6 km,Software product + services company (SaaS),"Maritime/shipping software - Planned Maintenance System, Crew Management, ERP, Inventory, HRMS; custom app development",no,YES,no,YES,no,YES,3,YES,Not found,info@triguninfotech.com,+91 22 45251000,https://www.triguninfotech.com/,https://www.triguninfotech.com/ (Career section),Not found,"Software Developer Intern, Backend Developer Intern, SQL/Database Intern, Full-Stack Intern, QA Intern",Career section exists on site - verify live,Careers section on own website,"Yes - small company, general email and direct line published",https://www.triguninfotech.com/contact-us ; https://www.triguninfotech.com/ ; https://www.triguninfotech.com/products
43,UBS Business Solutions (India) Pvt Ltd,"Units 1101/1201/1301/1401, Gigaplex, Airoli Knowledge Park, TTC Industrial Area, Airoli",Airoli,~2 km,Global bank captive technology & operations centre,"Banking technology, software engineering, data, risk platforms, cloud",no,no,no,YES,YES,YES,3,no,Not found,Not found,Not found,https://www.ubs.com/,https://www.ubs.com/global/en/careers/india.html,Not found,"Backend Developer Intern, Java/Spring Boot Intern, Python Developer Intern, Data/Software Engineering Intern, QA/Automation Intern",Yes - internship programme explicitly runs 2 to 12 months,"UBS states internships range from 2 to 12 months with live project work, comprising a 2-month summer internship and a 6-12 month regular internship via university outreach; 15,000+ staff across Mumbai/Pune/Hyderabad; Airoli openings indexed on Indeed","No cold email, but the STATED 2-12 month internship window is the single best duration match here. Apply through UBS India careers","https://www.ubs.com/locations/india/navi-mumbai/airoli-knowledge-park/ubs-business-solutions-india-private-limited-1622.html ; https://www.ubs.com/global/en/careers/india.html ; https://www.ubs.com/global/en/careers/about-us/locations/india.html ; https://in.indeed.com/q-ubs-l-airoli,-navi-mumbai,-maharashtra-jobs.html"
44,Worley India (Worley Services India Pvt Ltd),"Gigaplex Bldg 2, Units 901/902/1001, 9th & 10th Floor, Plot IT-5, TTC Industrial Area, Airoli Knowledge Park",Airoli,~2 km,Global engineering & professional services company with large digital teams,"Engineering design, digital engineering, data & automation for energy/resources projects",no,no,no,YES,YES,YES,3,no,Not found,Not found,+91 22 4965 5000,https://www.worley.com/,https://www.worley.com/en/careers/your-global-career/india,Not found,"Software Developer Intern, Data/Software Engineering Intern, Backend Intern (via graduate/internship programme)",Yes - runs internship and graduate intake in India,"Own India careers page states it assesses business needs each year to set priority disciplines for internships and graduate roles, engages directly with universities through year-round hiring events, and runs a Graduate Connect Committee; documented walk-in drives",Partly - formal internship/graduate pipeline; office line published. Apply via their India careers page,https://www.worley.com/en/careers/your-global-career/india ; https://www.worley.com/en/about-us/where-we-operate/india ; https://builtinmumbai.in/company/worley
45,eClerx Services Ltd,"Bldg 11 (4th-7th Flr), K Raheja Mindspace, Plot 3, TTC Industrial Area, Thane-Belapur Rd, Airoli (East) + Bldg 14",Airoli,~2.5 km,Listed data/analytics and digital operations company,"Data management, analytics, digital operations, automation, productisation",no,no,no,YES,YES,YES,3,no,Not found,Not found (contact form at careers.eclerx.com/Static/ContactUs),Not found,https://www.eclerx.com/,https://careers.eclerx.com/,Not found,"Data/Software Engineering Intern, Python Developer Intern, Analytics Intern, QA/Automation Intern",Yes - regular walk-in drives open to 0-2 years / freshers,"Documented walk-in drives for 0-2 year candidates incl. B.Tech; a physical Recruitment Bay at Bldg 11, 2nd Floor, Airoli; 75 Airoli openings indexed on Indeed","Partly - they run an on-site recruitment bay at Airoli, so a walk-in is a realistic route; note many drives are analyst rather than pure software roles","https://careers.eclerx.com/ ; https://careers.eclerx.com/Static/ContactUs ; https://in.indeed.com/q-eclerx-l-airoli,-navi-mumbai,-maharashtra-jobs.html ; https://www.freshersvoice.com/eclerx-walk-in-drive"
46,ideaForge Technology Ltd,"Unit 702/704, Q2, Aurum Q Parc, TTC Industrial Area, Thane-Belapur Rd, Ghansoli",Ghansoli,~1.5 km,"Listed product / deep-tech company (drones, UAV)","Unmanned aerial systems - embedded software, computer vision, backend platforms, data pipelines",no,no,no,YES,YES,YES,3,no,Not found,Not found (enquiry form only),Not found,https://ideaforgetech.com/,https://internshala.com/company/ideaforge-technology-limited-1682318778/careers/,Not found,"Software Developer Intern, AI/ML Intern, Backend Intern, Data/Software Engineering Intern, QA/Automation Intern",Yes - internship and fresher opportunities advertised for the Navi Mumbai location,"Prosple graduate-employer profile: 70 opportunities posted, 17 candidates hired since 2015; Internshala employer careers page; 17-25 Ghansoli/Navi Mumbai openings indexed on Indeed; 26 on Glassdoor","Partly - strong documented intern hiring, but apply via their portal/Internshala rather than cold email",https://ideaforgetech.com/contactus ; https://in.prosple.com/graduate-employers/ideaforge-india ; https://internshala.com/company/ideaforge-technology-limited-1682318778/careers/
47,Aimbeat Softech Pvt Ltd,"1404 Haware Infotech Park, Sector 30A, Vashi + B-203 Sanpada Station Complex",Vashi (Haware) / Sanpada,~0.8 km from Vashi; ~0.1 km from Sanpada,IT services company,"Web design, software development, mobile app development, API services, hosting, digital marketing",no,no,no,YES,no,YES,2,no,Not found,Not found (contact form),Not found,https://aimbeatsoftech.com/,https://aimbeatsoftech.com/career,Not found,"Full-Stack Intern, Backend Developer Intern, Software Developer Intern, QA Intern",Careers page active - verify live,Dedicated careers page on own website,Yes - small company with two offices in your corridor and an active careers page,https://aimbeatsoftech.com/about-us ; https://aimbeatsoftech.com/career ; https://clutch.co/profile/aimbeat-softech
48,CMS Info Systems Ltd,"No. 115, Millennium Business Park, Mahape/Ghansoli + T-151, 5th Floor, Tower 10, Railway Station Complex, Sector 11, CBD Belapur",Ghansoli (MBP) / CBD Belapur,~3 km from Ghansoli; ~0.1 km from Belapur station,Listed business services company with in-house technology teams,"Cash management technology, ATM/retail software, IoT, managed IT services",no,no,no,YES,no,YES,2,no,Not found,Not found (contact form at cms.com/contact),Not found,https://www.cms.com/,https://www.instahyre.com/jobs-at-cms-info-systems/ ; https://www.naukri.com/cms-info-systems-jobs-careers-79522,Not found,"Software Developer Intern, Backend Intern, Full-Stack Intern, QA Intern",Openings listed via Instahyre/Naukri - verify live,"Careers listings across Instahyre, Naukri, Indeed and Built In Mumbai covering software roles",Partly - the Belapur office sits inside the station complex; apply via portals,https://www.cms.com/contact ; https://www.sulekha.com/cms-info-systems-pvt-ltd-ghansoli-mumbai-contact-address ; https://builtinmumbai.in/company/cms-info-systems
49,CODERS Technologies,"Vashi, Navi Mumbai (exact street address not published)",Vashi,Not found,Small web development & digital marketing company (est. 2018),"Website development, web applications, SEO, performance marketing",no,no,no,no,YES,YES,2,no,Not found,Not found,Not found,https://codertechnologies.in/,Not found (postings via Indeed),Not found,"Web Developer Intern, Full-Stack Intern, Software Developer Intern",Yes - Web Development Internship offered with practical training and real-time project exposure,"Advertises a web development internship with hands-on training and real-time project exposure, with placement on satisfactory completion","Partly - internship is advertised, but verify whether it is a paid internship or a paid training programme before committing","https://codertechnologies.in/ ; https://www.justdial.com/Navi-Mumbai/Coders-Technologies-Vashi/022PXX22-XX22-230331042222-L1A5_BZDET ; https://in.indeed.com/q-web-development-internship-l-vashi,-navi-mumbai,-maharashtra-jobs.html"
50,CRISIL Ltd (an S&P Global company),"Mindspace Airoli East Bldg 5 & 6, Plot 3, Kalwa TTC Industrial Area, near Airoli station",Airoli,~2 km,Listed analytics / ratings company with a large technology team,"Analytics, risk models, data platforms, research technology, Python/SQL",no,no,no,YES,no,YES,2,no,Not found,Not found,Not found,https://www.crisil.com/,https://career.crisil.com/crisil/ ; https://www.crisil.com/en/home/careers.html,Not found,"Data/Software Engineering Intern, Python Developer Intern, Analytics Intern, Backend Intern",Openings indexed on Naukri - verify live,Dedicated careers portal (career.crisil.com),No - apply through careers portal,https://career.crisil.com/crisil/ ; https://www.crisil.com/en/home/careers.html ; https://properties.cityinfoservices.com/mindspace-airoli-east-building-5-amp-6-airoli-mumbai/5eg8r4i/pjd
51,Crafsol Technology Solutions Pvt Ltd,"8th Floor, A Wing, Reliable Tech Park, Off Thane-Belapur Rd, Airoli",Airoli,~1 km,IT services company,"SAP, Microsoft stack, open source, analytics, end-to-end IT services",no,YES,YES,no,no,no,2,YES,Not found,nirmal.jain@crafsol.com (named contact published on company site),Not found,https://crafsol.com/,Not found,https://in.linkedin.com/company/crafsol-technology-pvt-ltd,"Software Developer Intern, Backend Intern, Full-Stack Intern, Data/Analytics Intern",Not found,Not found,Yes - small company with a named contact email published on their own contact page,https://crafsol.com/contact-us/ ; https://in.linkedin.com/company/crafsol-technology-pvt-ltd
52,Dimensionless Technologies Pvt Ltd,"CIBA, 6th Floor, Agnel Technical Complex, Sector 9A, Vashi",Vashi,~2 km,"AI startup (hosted at CIBA, a DPIIT-recognised incubator)","Artificial intelligence, machine learning, data science, analytics",no,YES,YES,no,no,no,2,YES,Not found,info@dimensionless.in,+91 8108094992,https://www.dimensionless.ai/,Not found,https://in.linkedin.com/company/dimensionless-tech,"AI/ML Intern, Data Science Intern, Python Developer Intern, Data/Software Engineering Intern",Not found,Not found,Yes - small AI startup with a public general email; directly matches your AI/ML target role,https://in.linkedin.com/company/dimensionless-tech ; https://tracxn.com/d/companies/dimensionless-technologies
53,HCL Technologies Ltd,"703-A, 7th Floor, Reliable Tech Park, Gut 31 Kalwa Industrial Area, Airoli",Airoli,~1 km,Global IT services MNC,"IT services, engineering & R&D services, cloud, application development",no,no,no,YES,no,YES,2,no,Not found,Not found,Not found,https://www.hcltech.com/,https://www.hcltech.com/careers,Not found,"Software Developer Intern, Backend Intern, Full-Stack Intern, QA/Automation Intern",Not found for this specific site,Runs well-known early-career programmes (e.g. TechBee) and large fresher intake,No - apply through careers portal,https://www.justdial.com/jdmart/Mumbai/HCL-Technologies-Ltd-Gut-31-Kalwa-Industrial-Area-Airoli/022PXX22-XX22-210318105947-X3W2_BZDET/catalogue ; https://businessesbase.com/reliable-tech-park-airoli-navi-mumbai/
54,Intellect Bizware Services Pvt Ltd (a Nihilent company),"Technocity, 6th Floor, opposite MBP, Mahape MIDC + H219 Tower 3, International Technology Centre, CBD Belapur Station Complex",Ghansoli (Mahape HO) / CBD Belapur,~3 km from Ghansoli; ~0.1 km from Belapur station,IT consulting / SAP services company,"SAP applications (ABAP, S/4HANA), enterprise consulting, value-added SAP solutions",no,no,no,YES,no,YES,2,no,Not found,Not found (contact form at intellectbizware.com/int-contact.html),Not found,https://intellectbizware.com/,https://in.indeed.com/cmp/Intellect-Bizware-Services-Pvt.-Ltd ; https://www.naukri.com/intellect-bizware-services-jobs-careers-682234,Not found,"SAP ABAP Intern, Software Developer Intern, Backend Intern, SQL/Database Intern",Openings listed on Naukri/Indeed - verify live,Publicly posted SAP ABAP fresher announcements; employee reviews describe it as a company that takes on and trains freshers,Yes - two offices in your corridor and documented fresher intake; enquire via their contact form,https://intellectbizware.com/int-contact.html ; https://www.justdial.com/Navi-Mumbai/Intellect-Bizware-Services-Pvt-Ltd-Mahape/022PXX22-XX22-181127211719-J6M6_BZDET ; https://in.indeed.com/cmp/Intellect-Bizware-Services-Pvt.-Ltd
55,LTIMindtree Ltd,"Mindspace SEZ (Serene Properties) Bldg 3 & 9, Thane-Belapur Rd, Airoli + Gigaplex Bldg 1 & 8",Airoli,~2-2.5 km,Global IT services MNC,"Technology consulting, digital solutions, application development, cloud, data",no,no,no,YES,no,YES,2,no,Not found,Not found,Not found,https://www.ltimindtree.com/,https://www.ltimindtree.com/careers/,Not found,"Software Developer Intern, Java Developer Intern, Backend Intern, Full-Stack Intern, QA/Automation Intern",Openings indexed on Naukri - verify live,Own careers portal; large fresher/graduate intake programmes,No - apply through careers portal / campus process,https://www.ltimindtree.com/careers/ ; https://yappe.in/maharashtra/navi-mumbai/ltimindtree/862374 ; https://properties.cityinfoservices.com/mindspace-airoli-east-building-3-airoli-mumbai/4mzv952/pjd
56,Maxval Technologies Pvt Ltd,"ITC Bldg 5th Floor, CBD Belapur Station Complex, Sector 11",CBD Belapur,~0.1 km (inside the station complex),Software development company,"Custom software development, enterprise applications, web development",no,no,no,YES,no,YES,2,no,Not found,Not found (contact form only at maxval.net/contact),Not found,https://www.maxval.net/,https://www.maxval.net/career,Not found,"Software Developer Intern, Backend Developer Intern, Full-Stack Intern, QA Intern",Careers page active - verify live,Dedicated careers page (maxval.net/career); active recruiter profile on Naukri; Indeed company page,"Partly - office is literally in Belapur station complex, but no public email found; use the website contact form or walk-in enquiry",https://www.maxval.net/ ; https://www.maxval.net/career ; https://www.maxval.net/contact ; https://www.naukri.com/maxval-technologies-pvt-ltd-recruiters ; https://www.sulekha.com/maxval-technologies-pvt-ltd-c-b-d-belapur-mumbai-contact-address
57,Naaptol Online Shopping Pvt Ltd,"Millennium Business Park area, Mahape (office listed opposite Rabale railway station)",Rabale,~0.3 km (listed as opposite Rabale station),E-commerce product company,"E-commerce platform, web/app engineering, data, logistics tech",no,no,no,YES,no,YES,2,no,Not found,Not found,Not found,https://www.naaptol.com/,https://www.naaptol.com/aboutus/career.html,Not found,"Backend Developer Intern, Full-Stack Intern, Software Developer Intern, Data/Software Engineering Intern, QA Intern",Openings listed on Naukri for Navi Mumbai - verify live,Own careers page; Navi Mumbai job listings on Naukri,"Partly - apply through careers page. NOTE: their site carries a warning about job-offer scams using their name, so only use naaptol.com channels",https://www.naaptol.com/aboutus/career.html ; https://www.naukri.com/naaptol-jobs-careers-in-navi-mumbai-gid-713444
58,Neolite Infotech India Pvt Ltd,"Shop 37, Sai Chambers, Plot 44, Sector 11, CBD Belapur",CBD Belapur,~0.7 km,Small IT software development company,"Mobile app development, CRM, ERP, HRMS, school management software, sales-force automation, web development",no,YES,YES,no,no,no,2,YES,Not found,info@neolite.in,Not found,https://neolite.in/,Not found,https://in.linkedin.com/company/neoliteinfotech,"Backend Developer Intern, Full-Stack Intern, Software Developer Intern, SQL/Database Intern",Not found,Not found,"Yes - small company, corporate office in Belapur, general email published",https://neolite.in/contact-us/ ; https://neolite.in/about-us/ ; https://in.linkedin.com/company/neoliteinfotech
59,Relligio Consultants,"Office 28, Om Rachna, Liberty Housing Society, Sector 17, Vashi",Vashi,~1.2 km,Small IT services company,"Website & app development, AWS and cloud solutions, IT support, digital marketing, outsourcing",no,no,no,no,YES,YES,2,no,Not found,Not found (contact page at relligio.com/contact-us.html),Not found,https://www.relligio.com/,Not found (postings via job boards),Not found,"Full-Stack Intern, Web Developer Intern, Cloud/DevOps Intern, Software Developer Intern",Yes - WordPress Developer Intern advertised in Vashi,"WordPress Developer Intern role advertised for Vashi, Navi Mumbai",Yes - small firm with an advertised intern role and AWS/cloud work; contact via their contact page,"https://www.relligio.com/contact-us.html ; https://in.indeed.com/q-internship-l-vashi,-navi-mumbai,-maharashtra-jobs.html"
60,SpectaClicks Innovations (software division of LxGio India Pvt Ltd),CBD Belapur,CBD Belapur,Not found (exact address not published),Software + digital marketing agency (small),"Custom software development, front-end/web development, digital marketing",no,no,no,no,YES,YES,2,no,Not found,Not found (contact form at spectaclicks.com),Not found,https://www.spectaclicks.com/,Not found (postings via Indeed/SimplyHired),Not found,"Front-End Developer Intern (advertised), Full-Stack Intern, Software Developer Intern","YES - Front End Developer Intern, CBD Belapur, 6-month internship with stipend, open to freshers","Live job advertisement for a 6-month paid Front End Developer Internship at CBD Belapur, explicitly welcoming candidates with no experience",Yes - one of the few with a confirmed 6-month internship matching your exact duration; apply via the live posting and follow up through their site,"https://www.spectaclicks.com/ ; https://in.indeed.com/q-internship-l-cbd-belapur,-navi-mumbai,-maharashtra-jobs.html ; https://www.simplyhired.co.in/search?q=internship+for+students&l=cbd+belapur,+navi+mumbai,+maharashtra"
61,Tech Mahindra Ltd,"9th Floor, Empire Tower, Reliable Cloud City, Gavate Wadi MIDC, Airoli",Airoli,~1 km,Global IT services MNC,"IT services, network/telecom engineering, cloud, application development",no,no,no,YES,no,YES,2,no,Not found,Not found (contact form at techmahindra.com/contact-us/),Not found,https://www.techmahindra.com/,https://careers.techmahindra.com/,Not found,"Software Developer Intern, Backend Intern, QA/Automation Intern, Cloud/DevOps Intern",Navi Mumbai openings indexed - verify live,Multiple Airoli/Navi Mumbai job listings indexed; runs large fresher programmes,No - apply through careers portal,https://www.techmahindra.com/contact-us/ ; https://www.jobhai.com/tech-mahindra-jobs-in-navi-mumbai-ccmp ; https://businessesbase.com/reliable-tech-park-airoli-navi-mumbai/
62,Trianz Holdings Pvt Ltd,"Mindspace Airoli East, Bldg 14, Serene Properties SEZ, Thane-Belapur Rd, Airoli",Airoli,~2.5 km,Digital transformation consulting / technology company,"Cloud, data & analytics, digital engineering, infrastructure, cybersecurity",no,no,no,YES,no,YES,2,no,Not found,Not found,Not found,https://www.trianz.com/,https://careers.trianz.com/ ; https://recruit.trianz.com/trianz/,Not found,"Software Developer Intern, Cloud/DevOps Intern, Data/Software Engineering Intern, Cybersecurity Intern",25 openings indexed on Naukri - verify live,Own recruitment portals (careers.trianz.com and recruit.trianz.com); states it hires from colleges and universities,"Partly - apply via their recruitment portal. Address confirmed only via the building tenant listing, so verify the floor before visiting",https://www.trianz.com/careers ; https://careers.trianz.com/ ; https://properties.cityinfoservices.com/mindspace-airoli-east-building-14-airoli-mumbai/fvgkq4b/pjd ; https://www.naukri.com/trianz-jobs
63,WNS Global Services Pvt Ltd,"SEZ Plot 3, Bldg 14 (1st-2nd Flr), Airoli Mindspace + Rupa Solitaire / 319 Millennium Business Park, Mahape",Airoli (Mindspace) / Ghansoli (Mahape),~2.5 km from Airoli,Listed BPM / analytics company,"Business process management, analytics, automation, digital transformation",no,no,no,YES,no,YES,2,no,Not found,Not found,+91 22 6285 3101,https://www.wns.com/,https://www.wnscareers.com/newcareers/india.html,Not found,"Data/Software Engineering Intern, Analytics Intern, QA/Automation Intern, Software Developer Intern",Airoli openings indexed - verify live,Dedicated India delivery-centre careers portal,No - apply through careers portal; two sites in your corridor,"https://www.wnscareers.com/newcareers/india.html ; https://www.wns.com/about-us/careers ; https://in.indeed.com/q-wns-global-services-l-airoli,-navi-mumbai,-maharashtra-jobs.html"
64,Wipro Ltd,"Unit 2, Bldg 7, Plot 3, Serene Properties, Mindspace SEZ, TTC Industrial Area, Airoli",Airoli,~2.5 km,Global IT services MNC,"IT services, application development, cloud, engineering services, digital",no,no,no,YES,no,YES,2,no,Not found,Not found,Not found,https://www.wipro.com/,https://careers.wipro.com/,Not found,"Software Developer Intern, Backend Intern, Full-Stack Intern, QA/Automation Intern",Airoli openings indexed - verify live,Multiple Airoli-location openings indexed on Indeed/SimplyHired; runs well-known graduate hiring programmes,No - apply through careers portal / campus process,"https://www.sulekha.com/wipro-ltd-airoli-mumbai-contact-address ; https://in.indeed.com/q-wipro-l-airoli,-navi-mumbai,-maharashtra-jobs.html ; https://www.neosofttech.com/offices/rabale-mumbai/"
65,ANMsoft Technologies Pvt Ltd,"4th Floor, Bldg No. 5, Sector 2, Millennium Business Park, Mahape (also Bldg 2, Sector 1)",Ghansoli,~3 km,IT services / software development company,"Java and .NET software development, enterprise applications, mobility",no,no,YES,no,no,no,1,no,Not found,Not found (contact form at anmsoft.com/contact-us.html),+91 22 66808500,https://www.anmsoft.com/,Not found,https://in.linkedin.com/company/anmsoft-technologies,"Java Developer Intern, Spring Boot Intern, Backend Developer Intern, Software Developer Intern, QA Intern",Not found,Not found,"Yes - explicitly a Java/.NET development shop, which matches your core stack; office landline published",https://www.anmsoft.com/contact-us.html ; https://in.linkedin.com/company/anmsoft-technologies ; https://www.thecompanycheck.com/company/anmsoft-technologies-private-limited/U72900MH2003PTC141213
66,Emaginationz Technologies,"403, J. K. Chamber, Plot 76, Sector 17, Vashi",Vashi,~1.2 km,Small web/app development company,"Mobile app development, web design & development, open-source technologies, digital marketing",no,no,YES,no,no,no,1,no,Not found,Not found (contact form at emaginationz.net/contact-us),Not found,https://www.emaginationz.net/,Not found,https://in.linkedin.com/company/emaginationz-technologies,"Full-Stack Intern, Web Developer Intern, Backend Intern",Not found,Not found,Partly - contact form and LinkedIn only; long-established small firm near Vashi station,https://www.emaginationz.net/contact-us ; https://in.linkedin.com/company/emaginationz-technologies ; https://www.indianyellowpages.com/navi-mumbai/emaginationz-technologies-vashi-navi-mumbai-1849981/
67,Feligrat Global Solutions Pvt Ltd,"501, Platinum Techno Park, Plot 17 & 18, Sector 30A, Vashi",Vashi,~0.5 km,IT services / managed service provider + training,"Cloud services, cybersecurity, custom software development, SAP training, data science, Salesforce",no,no,YES,no,no,no,1,no,Not found,Not found,+91 8928634351,https://feligrat.com/,Not found,https://in.linkedin.com/company/feligrat-global-solutions-pvt-ltd,"Software Developer Intern, Cloud/DevOps Intern, Cybersecurity Intern, Data Science Intern",Not found,Not found (runs IT staff-augmentation and training programmes),"Partly - phone published, 5 min from Vashi station. Check whether offering is a paid training programme rather than an internship",https://techbehemoths.com/company/feligrat-global-solutions-pvt-ltd ; https://in.linkedin.com/company/feligrat-global-solutions-pvt-ltd
68,L&T Technology Services Ltd (LTTS),"Bldg 3 (2nd & 5th Flr) Mindspace Airoli East + 8th Floor Bldg 1, Mindspace, Thane-Belapur Rd, Airoli",Airoli,~2.5 km,Listed engineering R&D services company,"Engineering & R&D services, embedded software, product engineering, digital, IoT",no,no,no,YES,no,no,1,no,Not found,Not found (contact form at ltts.com/contact-us),+91 22 6105 8000,https://www.ltts.com/,https://www.ltts.com/careers,Not found,"Software Developer Intern, Embedded Software Intern, Backend Intern, Data/Software Engineering Intern",Not found for this specific site,Not found (careers handled centrally via ltts.com),No - large company; office landline published but apply via careers portal,https://www.ltts.com/contact-us ; https://www.mappls.com/0hc9uv ; https://properties.cityinfoservices.com/mindspace-airoli-east-building-3-airoli-mumbai/4mzv952/pjd
69,MAIA Intelligence Pvt Ltd,"319, Sector I, Bldg No. 2, 3rd Floor, Millennium Business Park, Mahape",Ghansoli,~3 km,Software product company (BI/analytics),"Business intelligence, reporting and analytics products",no,no,YES,no,no,no,1,no,Not found,Not found (only an email-pattern guess was available from a lead-gen site - deliberately NOT used),+91-22-66888933,http://www.maia-intelligence.com/,Not found,https://in.linkedin.com/company/maia-intelligence,"Data/Software Engineering Intern, Backend Developer Intern, SQL/Database Intern, Analytics Intern",Not found,Not found,"Partly - office phone published; contact via phone or LinkedIn, no verified email",https://in.linkedin.com/company/maia-intelligence ; https://www.cbinsights.com/company/maia-intelligence
70,Teradata India Pvt Ltd,"3rd Floor, Bldg 5, Serene Properties, Mindspace, Thane-Belapur Rd, Airoli East",Airoli,~2.5 km,Global product company (data analytics platform),"Cloud data warehousing, analytics platform engineering, SQL, Python, cloud",no,no,no,YES,no,no,1,no,Not found,Not found,+91-22-61050100,https://www.teradata.com/,https://careers.teradata.com/,Not found,"Data/Software Engineering Intern, SQL/Database Intern, Backend Developer Intern, AI/ML Intern",Not found,Not found,Limited - office line published on their own site; apply via careers portal. Strong SQL/data-platform relevance,https://www.teradata.com/about-us/office-locations/airoli-navi-mumbai ; https://properties.cityinfoservices.com/mindspace-airoli-east-building-5-amp-6-airoli-mumbai/5eg8r4i/pjd
71,Web Werks India Pvt Ltd (Iron Mountain Data Centers),"Unit 901, Sigma IT Park, Plot R-203/204, TTC MIDC, Sector 8, Rabale",Rabale,~1.5 km,Cloud / data centre infrastructure company,"Data centres, colocation, cloud hosting, managed services, infrastructure/DevOps",no,no,YES,no,no,no,1,no,Not found,Not found,+91 8828 335 555,https://www.webwerks.in/,Not found,https://in.linkedin.com/company/web-werks-india-pvt-ltd,"Cloud/DevOps Intern, Linux/Infrastructure Intern, Backend Developer Intern, QA Intern",Not found,Not found,Limited - no public recruitment email; approach via LinkedIn. Relevant for cloud/DevOps exposure,https://www.webwerks.in/mumbai-data-center ; https://in.linkedin.com/company/web-werks-india-pvt-ltd
72,Altisource Business Solutions Pvt Ltd,"7th Floor, Vishwaroop IT Park, Swami Pranabananda Marg, Sector 30A, Vashi (near Vashi station, behind Raghuleela Mall)",Vashi,~0.3 km,Technology & business services (mortgage/fintech),"Mortgage technology, financial services technology, data & analytics platforms",no,no,no,no,no,no,0,no,Not found,Not found,Not found,https://www.altisource.com/,Not found,Not found,"Backend Developer Intern, Full-Stack Intern, Data/Software Engineering Intern, QA/Automation Intern",Not found,Not found,Limited - no public HR email; apply via corporate careers site. Office is a 5 min walk from Vashi station,https://properties.cityinfoservices.com/vishwaroop-it-park-navi-mumbai-mumbai/dqgxgjz/pjd ; https://www.justdial.com/Navi-Mumbai/Alti-Source-Business-Solutions-Pvt-Ltd-Near-Railway-Station-Behind-Raghuleela-Mall-Sector-30A-Vashi/022PXX22-XX22-111029204723-X7H6_BZDET ; https://www.linkedin.com/company/altisource-portfolio-solutions-private-limited
73,ILM Innovative Solutions Pvt Ltd,"A-106, Technocity, Plot 4/1 & 4/2, opposite Millennium Business Park, TTC Industrial Area, Mahape",Ghansoli,~3 km,Small IT solutions company,"Application modernization, product development, user-centric design, market research",no,no,no,no,no,no,0,no,Not found,Not found,022 4215 3544,Not found,Not found,Not found,"Software Developer Intern, Backend Intern, Full-Stack Intern",Not found,Not found,"Partly - landline published; small product-development firm, worth a phone enquiry",https://www.tradeindia.com/ilm-innovative-solutions-pvt-ltd-5674988/ ; https://www.justdial.com/Mumbai/Ilm-Innovative-Solutions-Pvt-Ltd-Mahape/022PXX22-XX22-180626154132-Q9C2_BZDET
74,Sify Technologies Ltd,"UVAT 251, 5th & 6th Floor, International Infotech Park, Sector 30, Vashi",Vashi,~0.2 km,Listed ICT / cloud & data centre company,"Data centres, cloud, managed network services, colocation, DRaaS, CDN",no,no,no,no,no,no,0,no,Not found,Not found,Not found,https://www.sifytechnologies.com/,Not found,Not found,"Cloud/DevOps Intern, Network/Infrastructure Intern, Backend Developer Intern",Not found,Not found,"Limited - historically significant site (India first commercial data centre) right at Vashi station, but no public recruitment channel found",https://www.sifytechnologies.com/us/data-center/mumbai-data-center/vashi-data-center/ ; https://datacenterhawk.com/marketplace/providers/sify-technologies-limited/international-infotech-park-swami-pranabananda-marg-sector-30-vashi-navi-mumbai-maharashtra-400703-india/mumbai-01-vashi
75,Technoriya E Technologies Pvt Ltd / Technoriya Business E Solutions,"219, NBC Complex, opposite ICICI Bank, Sector 11, CBD Belapur",CBD Belapur,~0.6 km,Small IT services / ERP company (est. 2011),"ERP solutions, SAP, business software, IT training",no,no,no,no,no,no,0,no,Not found,Not found,Not found,http://technoriya.in/,Not found,Not found,"Software Developer Intern, SQL/Database Intern, Backend Intern",Not found,Not found,"Partly - also listed as a SAP/computer training institute, so confirm it is a development role and not a course",http://technoriya.in/team.php ; https://www.asklaila.com/listing/Mumbai/cbd-belapur-sector-11/technoriya-business-e-solutions-head-office-/15bsEXJf/ ; https://www.justdial.com/Navi-Mumbai/Technoriya-E-Technologies-Pvt-Ltd-Opposite-Cbd-Belapur-Station-Cbd-Belapur/022PXX22-XX22-141224181528-H3Z4_BZDET
