InvoiceNo,StockCode,Description,Quantity,InvoiceDate,UnitPrice,CustomerID,Country
536669,21730,GLASS STAR FROSTED T-LIGHT HOLDER,11,2024-01-27 18:15:00,4.25,17076,United Kingdom
536552,84029G,KNITTED UNION FLAG HOT WATER BOTTLE,8,2024-11-27 13:30:00,3.39,17048,United Kingdom
536663,21755,LOVE BUILDING BLOCK WORD,1,2024-10-17 09:45:00,5.95,17075,United Kingdom
536537,21755,LOVE BUILDING BLOCK WORD,4,2024-05-19 17:15:00,5.95,17043,United Kingdom
536422,21977,PACK OF 60 PINK PAISLEY CAKE CASES,2,2024-10-16 12:45:00,0.55,17012,United Kingdom
536366,22622,BOX OF VINTAGE ALPHABET BLOCKS,6,2024-05-12 12:15:00,9.95,17000,United Kingdom
536630,22633,HAND WARMER UNION JACK,10,2024-09-19 17:00:00,1.85,17067,United Kingdom
536626,85123A,WHITE HANGING HEART T-LIGHT HOLDER,4,2024-08-19 18:45:00,2.55,17065,Spain
536656,84969,BOX OF 6 ASSORTED COLOUR TEASPOONS,5,2024-10-06 12:45:00,4.25,17072,Netherlands
536630,22423,REGENCY CAKESTAND 3 TIER,11,2024-09-19 17:00:00,12.75,17067,United Kingdom
536679,84991,60 TEATIME FAIRY CAKE CASES,11,2024-06-03 10:00:00,0.55,17078,EIRE
536408,22467,GUMBALL COAT RACK,11,2024-03-24 16:45:00,2.55,17009,United Kingdom
536472,22174,PHOTO CUBE,11,2024-08-06 13:30:00,2.10,17027,Germany
536443,22310,IVORY KNITTED MUG COSY,4,2024-10-13 14:15:00,1.65,17018,France
536413,20725,LUNCH BAG RED RETROSPOT,6,2024-07-28 13:00:00,1.65,17010,United Kingdom
536414,22467,GUMBALL COAT RACK,2,2024-03-15 10:30:00,2.55,17010,United Kingdom
536438,84991,60 TEATIME FAIRY CAKE CASES,10,2024-06-27 11:15:00,0.55,17017,EIRE
536368,22622,BOX OF VINTAGE ALPHABET BLOCKS,4,2024-03-31 14:30:00,9.95,17000,United Kingdom
536677,22633,HAND WARMER UNION JACK,11,2024-10-20 10:15:00,1.85,17078,EIRE
536529,22632,HAND WARMER RED POLKA DOT,1,2024-11-14 16:00:00,1.85,17041,Germany
536603,47566,PARTY BUNTING,2,2024-11-02 10:45:00,4.65,17059,France
536431,23203,JUMBO BAG VINTAGE DOILY,9,2024-11-17 18:45:00,2.08,17015,United Kingdom
536597,22748,POPPY'S PLAYHOUSE KITCHEN,8,2024-05-03 10:45:00,2.10,17057,United Kingdom
536533,21777,RECIPE BOX WITH METAL HEART,5,2024-02-23 13:00:00,7.95,17042,United Kingdom
536509,22632,HAND WARMER RED POLKA DOT,5,2024-11-05 16:15:00,1.85,17037,United Kingdom
536380,84879,ASSORTED COLOUR BIRD ORNAMENT,9,2024-01-09 14:15:00,1.69,17003,France
536536,22423,REGENCY CAKESTAND 3 TIER,12,2024-06-07 13:45:00,12.75,17043,United Kingdom
536542,22310,IVORY KNITTED MUG COSY,10,2024-11-22 09:00:00,1.65,17045,United Kingdom
536445,22383,LUNCH BAG SUKI DESIGN,6,2024-09-18 14:30:00,1.65,17018,France
536439,84969,BOX OF 6 ASSORTED COLOUR TEASPOONS,1,2024-02-17 09:30:00,4.25,17017,EIRE
536570,22623,BOX OF VINTAGE JIGSAW BLOCKS,6,2024-09-27 11:45:00,4.95,17051,United Kingdom
536546,84879,ASSORTED COLOUR BIRD ORNAMENT,11,2024-07-16 14:15:00,1.69,17046,United Kingdom
536530,22633,HAND WARMER UNION JACK,12,2024-05-24 14:00:00,1.85,17041,Germany
536674,22633,HAND WARMER UNION JACK,3,2024-01-28 16:00:00,1.85,17077,EIRE
536614,21977,PACK OF 60 PINK PAISLEY CAKE CASES,11,2024-10-25 12:00:00,0.55,17062,United Kingdom
536489,84969,BOX OF 6 ASSORTED COLOUR TEASPOONS,7,2024-02-11 13:00:00,4.25,17033,United Kingdom
536600,22632,HAND WARMER RED POLKA DOT,2,2024-01-17 11:00:00,1.85,17058,France
536386,22622,BOX OF VINTAGE ALPHABET BLOCKS,8,2024-02-14 16:45:00,9.95,17005,United Kingdom
536377,22632,HAND WARMER RED POLKA DOT,9,2024-05-07 15:00:00,1.85,17003,France
536518,47566,PARTY BUNTING,3,2024-05-08 18:30:00,4.65,17039,Spain
536449,22178,VICTORIAN GLASS HANGING T-LIGHT,2,2024-09-15 12:00:00,1.25,17019,United Kingdom
536600,84879,ASSORTED COLOUR BIRD ORNAMENT,3,2024-01-17 11:00:00,1.69,17058,France
536472,84879,ASSORTED COLOUR BIRD ORNAMENT,11,2024-08-06 13:30:00,1.69,17027,Germany
536584,21034,REX CASH+CARRY JUMBO SHOPPER,12,2024-10-09 18:30:00,0.95,17055,United Kingdom
536467,71053,WHITE METAL LANTERN,8,2024-10-27 17:15:00,3.39,17025,United Kingdom
536571,22749,FELTCRAFT PRINCESS CHARLOTTE DOLL,5,2024-01-29 12:30:00,3.75,17051,United Kingdom
536640,22383,LUNCH BAG SUKI DESIGN,5,2024-06-23 11:00:00,1.65,17069,United Kingdom
536491,22748,POPPY'S PLAYHOUSE KITCHEN,7,2024-02-20 11:30:00,2.10,17033,United Kingdom
536409,22622,BOX OF VINTAGE ALPHABET BLOCKS,6,2024-11-05 14:00:00,9.95,17010,United Kingdom
536533,22961,JAM MAKING SET PRINTED,12,2024-02-23 13:00:00,1.45,17042,United Kingdom
536646,22086,PAPER CHAIN KIT 50'S CHRISTMAS,4,2024-06-10 17:45:00,2.55,17070,EIRE
536485,22632,HAND WARMER RED POLKA DOT,6,2024-01-11 15:30:00,1.85,17032,EIRE
536662,84969,BOX OF 6 ASSORTED COLOUR TEASPOONS,11,2024-06-24 15:00:00,4.25,17074,United Kingdom
536366,22745,POPPY'S PLAYHOUSE BEDROOM,7,2024-05-12 12:15:00,2.10,17000,United Kingdom
536420,22174,PHOTO CUBE,8,2024-02-03 11:45:00,2.10,17012,United Kingdom
536434,47566,PARTY BUNTING,9,2024-07-11 09:30:00,4.65,17016,United Kingdom
536407,21754,HOME BUILDING BLOCK WORD,8,2024-05-26 15:45:00,5.95,17009,United Kingdom
536404,22623,BOX OF VINTAGE JIGSAW BLOCKS,1,2024-09-17 13:45:00,4.95,17009,United Kingdom
536543,22310,IVORY KNITTED MUG COSY,9,2024-03-02 16:15:00,1.65,17045,United Kingdom
536381,22632,HAND WARMER RED POLKA DOT,6,2024-08-06 09:15:00,1.85,17004,United Kingdom
536384,22749,FELTCRAFT PRINCESS CHARLOTTE DOLL,7,2024-08-01 13:15:00,3.75,17005,United Kingdom
536580,20725,LUNCH BAG RED RETROSPOT,12,2024-07-29 12:45:00,1.65,17053,United Kingdom
536507,22623,BOX OF VINTAGE JIGSAW BLOCKS,4,2024-01-09 09:00:00,4.95,17037,United Kingdom
536663,85123A,WHITE HANGING HEART T-LIGHT HOLDER,12,2024-10-17 09:45:00,2.55,17075,United Kingdom
536386,21034,REX CASH+CARRY JUMBO SHOPPER,9,2024-02-14 16:45:00,0.95,17005,United Kingdom
536652,22910,PAPER CHAIN KIT VINTAGE CHRISTMAS,9,2024-09-11 14:00:00,2.95,17071,United Kingdom
536615,22632,HAND WARMER RED POLKA DOT,2,2024-07-21 09:30:00,1.85,17062,United Kingdom
536431,22383,LUNCH BAG SUKI DESIGN,3,2024-11-17 18:45:00,1.65,17015,United Kingdom
536635,22752,SET 7 BABUSHKA NESTING BOXES,10,2024-11-23 10:15:00,7.65,17068,United Kingdom
536464,22749,FELTCRAFT PRINCESS CHARLOTTE DOLL,12,2024-03-31 16:30:00,3.75,17024,United Kingdom
536416,21755,LOVE BUILDING BLOCK WORD,7,2024-11-28 16:30:00,5.95,17011,United Kingdom
536475,22632,HAND WARMER RED POLKA DOT,3,2024-05-31 15:45:00,1.85,17028,United Kingdom
536500,84969,BOX OF 6 ASSORTED COLOUR TEASPOONS,11,2024-05-06 15:00:00,4.25,17035,United Kingdom
536632,47566,PARTY BUNTING,9,2024-07-10 09:00:00,4.65,17067,United Kingdom
536446,22178,VICTORIAN GLASS HANGING T-LIGHT,2,2024-06-12 16:45:00,1.25,17019,United Kingdom
536649,21931,JUMBO STORAGE BAG SUKI,1,2024-11-16 17:45:00,1.95,17071,United Kingdom
536606,22910,PAPER CHAIN KIT VINTAGE CHRISTMAS,3,2024-08-25 13:30:00,2.95,17060,United Kingdom
536383,22633,HAND WARMER UNION JACK,11,2024-08-17 14:30:00,1.85,17004,United Kingdom
536678,22960,JAM MAKING SET WITH JARS,3,2024-02-04 10:30:00,4.25,17078,EIRE
536486,22632,HAND WARMER RED POLKA DOT,10,2024-04-19 18:15:00,1.85,17032,EIRE
536447,22174,PHOTO CUBE,8,2024-11-29 15:30:00,2.10,17019,United Kingdom
536416,22623,BOX OF VINTAGE JIGSAW BLOCKS,5,2024-11-28 16:30:00,4.95,17011,United Kingdom
536619,22749,FELTCRAFT PRINCESS CHARLOTTE DOLL,7,2024-05-17 11:00:00,3.75,17063,United Kingdom
536426,22910,PAPER CHAIN KIT VINTAGE CHRISTMAS,12,2024-03-18 13:30:00,2.95,17013,Germany
536614,22383,LUNCH BAG SUKI DESIGN,11,2024-10-25 12:00:00,1.65,17062,United Kingdom
536440,22423,REGENCY CAKESTAND 3 TIER,5,2024-08-09 18:45:00,12.75,17017,EIRE
536583,22086,PAPER CHAIN KIT 50'S CHRISTMAS,9,2024-07-28 15:15:00,2.55,17054,United Kingdom
536648,22086,PAPER CHAIN KIT 50'S CHRISTMAS,10,2024-06-05 15:45:00,2.55,17071,United Kingdom
536390,22633,HAND WARMER UNION JACK,5,2024-01-21 10:45:00,1.85,17006,United Kingdom
536638,85099B,JUMBO BAG RED RETROSPOT,9,2024-01-24 13:45:00,1.95,17068,United Kingdom
536593,22748,POPPY'S PLAYHOUSE KITCHEN,10,2024-09-13 16:00:00,2.10,17057,United Kingdom
536539,22623,BOX OF VINTAGE JIGSAW BLOCKS,7,2024-08-26 13:15:00,4.95,17044,United Kingdom
536403,21212,PACK OF 72 RETROSPOT CAKE CASES,7,2024-05-24 18:00:00,0.55,17008,United Kingdom
536375,22633,HAND WARMER UNION JACK,8,2024-03-19 15:15:00,1.85,17002,United Kingdom
536461,21977,PACK OF 60 PINK PAISLEY CAKE CASES,5,2024-09-14 14:45:00,0.55,17023,Germany
536631,21777,RECIPE BOX WITH METAL HEART,10,2024-06-08 14:00:00,7.95,17067,United Kingdom
536601,47566,PARTY BUNTING,5,2024-04-09 12:30:00,4.65,17059,France
536429,21730,GLASS STAR FROSTED T-LIGHT HOLDER,3,2024-06-14 14:15:00,4.25,17014,France
536669,85099B,JUMBO BAG RED RETROSPOT,3,2024-01-27 18:15:00,1.95,17076,United Kingdom
536444,21212,PACK OF 72 RETROSPOT CAKE CASES,3,2024-02-01 14:30:00,0.55,17018,France
536379,84879,ASSORTED COLOUR BIRD ORNAMENT,5,2024-06-09 10:15:00,1.69,17003,France
536649,20725,LUNCH BAG RED RETROSPOT,5,2024-11-16 17:45:00,1.65,17071,United Kingdom
536607,47566,PARTY BUNTING,4,2024-06-21 15:30:00,4.65,17060,United Kingdom
536684,22961,JAM MAKING SET PRINTED,9,2024-10-13 17:30:00,1.45,17079,United Kingdom
536370,22633,HAND WARMER UNION JACK,6,2024-05-13 17:30:00,1.85,17001,France
536581,20727,LUNCH BAG BLACK SKULL,2,2024-07-31 14:00:00,1.65,17053,United Kingdom
536594,22622,BOX OF VINTAGE ALPHABET BLOCKS,3,2024-05-25 16:30:00,9.95,17057,United Kingdom
536624,22910,PAPER CHAIN KIT VINTAGE CHRISTMAS,8,2024-08-06 15:30:00,2.95,17064,United Kingdom
536395,22910,PAPER CHAIN KIT VINTAGE CHRISTMAS,10,2024-08-14 14:00:00,2.95,17007,United Kingdom
536473,22748,POPPY'S PLAYHOUSE KITCHEN,6,2024-07-21 17:30:00,2.10,17027,Germany
536381,22174,PHOTO CUBE,9,2024-08-06 09:15:00,2.10,17004,United Kingdom
536634,47566,PARTY BUNTING,5,2024-05-19 17:30:00,4.65,17067,United Kingdom
536547,22745,POPPY'S PLAYHOUSE BEDROOM,11,2024-04-02 10:15:00,2.10,17046,United Kingdom
536596,22749,FELTCRAFT PRINCESS CHARLOTTE DOLL,9,2024-05-26 17:45:00,3.75,17057,United Kingdom
536370,21754,HOME BUILDING BLOCK WORD,11,2024-05-13 17:30:00,5.95,17001,France
536410,22633,HAND WARMER UNION JACK,7,2024-09-13 17:00:00,1.85,17010,United Kingdom
536530,22752,SET 7 BABUSHKA NESTING BOXES,10,2024-05-24 14:00:00,7.65,17041,Germany
536568,22632,HAND WARMER RED POLKA DOT,1,2024-06-12 16:00:00,1.85,17051,United Kingdom
536558,20727,LUNCH BAG BLACK SKULL,9,2024-03-09 15:00:00,1.65,17049,United Kingdom
536521,22749,FELTCRAFT PRINCESS CHARLOTTE DOLL,2,2024-04-30 18:00:00,3.75,17039,Spain
536493,22423,REGENCY CAKESTAND 3 TIER,2,2024-04-02 10:00:00,12.75,17034,Netherlands
536547,84879,ASSORTED COLOUR BIRD ORNAMENT,6,2024-04-02 10:15:00,1.69,17046,United Kingdom
536380,22633,HAND WARMER UNION JACK,6,2024-01-09 14:15:00,1.85,17003,France
536430,71053,WHITE METAL LANTERN,2,2024-02-15 11:45:00,3.39,17014,France
536523,22961,JAM MAKING SET PRINTED,8,2024-10-14 10:30:00,1.45,17040,United Kingdom
536499,84969,BOX OF 6 ASSORTED COLOUR TEASPOONS,5,2024-04-20 11:30:00,4.25,17035,United Kingdom
536441,22910,PAPER CHAIN KIT VINTAGE CHRISTMAS,9,2024-08-14 09:30:00,2.95,17017,EIRE
536684,22752,SET 7 BABUSHKA NESTING BOXES,4,2024-10-13 17:30:00,7.65,17079,United Kingdom
536572,47566,PARTY BUNTING,4,2024-07-06 14:45:00,4.65,17052,France
536523,21212,PACK OF 72 RETROSPOT CAKE CASES,7,2024-10-14 10:30:00,0.55,17040,United Kingdom
536484,84406B,CREAM CUPID HEARTS COAT HANGER,11,2024-02-20 17:15:00,2.75,17031,United Kingdom
536580,21777,RECIPE BOX WITH METAL HEART,2,2024-07-29 12:45:00,7.95,17053,United Kingdom
536481,22913,RED COAT RACK PARIS FASHION,8,2024-04-23 18:15:00,4.95,17030,United Kingdom
536599,22632,HAND WARMER RED POLKA DOT,10,2024-08-11 12:30:00,1.85,17058,France
536490,22749,FELTCRAFT PRINCESS CHARLOTTE DOLL,5,2024-04-22 13:00:00,3.75,17033,United Kingdom
536564,47566,PARTY BUNTING,3,2024-01-31 10:30:00,4.65,17050,United Kingdom
536602,22910,PAPER CHAIN KIT VINTAGE CHRISTMAS,3,2024-03-29 09:00:00,2.95,17059,France
536468,22423,REGENCY CAKESTAND 3 TIER,11,2024-10-20 16:30:00,12.75,17026,Spain
536470,22745,POPPY'S PLAYHOUSE BEDROOM,2,2024-07-03 11:30:00,2.10,17027,Germany
536370,22174,PHOTO CUBE,11,2024-05-13 17:30:00,2.10,17001,France
536437,21755,LOVE BUILDING BLOCK WORD,4,2024-02-19 11:30:00,5.95,17017,EIRE
536578,20727,LUNCH BAG BLACK SKULL,11,2024-08-04 13:15:00,1.65,17053,United Kingdom
536388,22423,REGENCY CAKESTAND 3 TIER,9,2024-08-03 14:45:00,12.75,17006,United Kingdom
536606,47566,PARTY BUNTING,10,2024-08-25 13:30:00,4.65,17060,United Kingdom
536432,20727,LUNCH BAG BLACK SKULL,3,2024-01-28 12:45:00,1.65,17015,United Kingdom
536556,23203,JUMBO BAG VINTAGE DOILY,11,2024-04-21 17:00:00,2.08,17049,United Kingdom
537002,22633,HAND WARMER UNION JACK,2,2024-03-05 11:00:00,1.85,,United Kingdom
536569,22623,BOX OF VINTAGE JIGSAW BLOCKS,11,2024-01-23 18:45:00,4.95,17051,United Kingdom
536516,22749,FELTCRAFT PRINCESS CHARLOTTE DOLL,10,2024-01-17 15:30:00,3.75,17039,Spain
536592,22086,PAPER CHAIN KIT 50'S CHRISTMAS,10,2024-02-07 12:30:00,2.55,17056,Netherlands
536416,22745,POPPY'S PLAYHOUSE BEDROOM,6,2024-11-28 16:30:00,2.10,17011,United Kingdom
536526,22960,JAM MAKING SET WITH JARS,9,2024-07-24 11:30:00,4.25,17040,United Kingdom
536455,48187,DOORMAT NEW ENGLAND,4,2024-10-29 14:15:00,7.95,17021,United Kingdom
536376,84879,ASSORTED COLOUR BIRD ORNAMENT,2,2024-01-09 15:30:00,1.69,17003,France
536477,47566,PARTY BUNTING,11,2024-02-01 09:45:00,4.65,17028,United Kingdom
536640,22086,PAPER CHAIN KIT 50'S CHRISTMAS,5,2024-06-23 11:00:00,2.55,17069,United Kingdom
536522,22960,JAM MAKING SET WITH JARS,3,2024-08-09 11:45:00,4.25,17040,United Kingdom
536392,22383,LUNCH BAG SUKI DESIGN,8,2024-01-23 12:15:00,1.65,17006,United Kingdom
536552,22467,GUMBALL COAT RACK,8,2024-11-27 13:30:00,2.55,17048,United Kingdom
536498,22745,POPPY'S PLAYHOUSE BEDROOM,8,2024-09-17 13:30:00,2.10,17035,United Kingdom
536543,48187,DOORMAT NEW ENGLAND,3,2024-03-02 16:15:00,7.95,17045,United Kingdom
536367,22622,BOX OF VINTAGE ALPHABET BLOCKS,11,2024-02-26 14:30:00,9.95,17000,United Kingdom
536601,22086,PAPER CHAIN KIT 50'S CHRISTMAS,7,2024-04-09 12:30:00,2.55,17059,France
536680,84991,60 TEATIME FAIRY CAKE CASES,12,2024-12-03 09:30:00,0.55,17079,United Kingdom
536462,21977,PACK OF 60 PINK PAISLEY CAKE CASES,11,2024-09-09 12:15:00,0.55,17023,Germany
536384,21777,RECIPE BOX WITH METAL HEART,4,2024-08-01 13:15:00,7.95,17005,United Kingdom
536624,85099B,JUMBO BAG RED RETROSPOT,2,2024-08-06 15:30:00,1.95,17064,United Kingdom
536396,22086,PAPER CHAIN KIT 50'S CHRISTMAS,1,2024-05-12 10:30:00,2.55,17007,United Kingdom
536587,23203,JUMBO BAG VINTAGE DOILY,9,2024-11-19 14:15:00,2.08,17055,United Kingdom
536590,22910,PAPER CHAIN KIT VINTAGE CHRISTMAS,4,2024-07-01 14:15:00,2.95,17056,Netherlands
536658,22086,PAPER CHAIN KIT 50'S CHRISTMAS,8,2024-03-14 15:15:00,2.55,17073,United Kingdom
536471,22622,BOX OF VINTAGE ALPHABET BLOCKS,9,2024-11-07 09:45:00,9.95,17027,Germany
536413,22623,BOX OF VINTAGE JIGSAW BLOCKS,8,2024-07-28 13:00:00,4.95,17010,United Kingdom
536642,22749,FELTCRAFT PRINCESS CHARLOTTE DOLL,6,2024-01-15 18:00:00,3.75,17069,United Kingdom
536620,21931,JUMBO STORAGE BAG SUKI,6,2024-09-24 10:30:00,1.95,17063,United Kingdom
536411,85099B,JUMBO BAG RED RETROSPOT,11,2024-04-09 11:15:00,1.95,17010,United Kingdom
536497,21212,PACK OF 72 RETROSPOT CAKE CASES,6,2024-06-20 12:45:00,0.55,17034,Netherlands
536511,22748,POPPY'S PLAYHOUSE KITCHEN,8,2024-06-18 16:30:00,2.10,17037,United Kingdom
536652,22086,PAPER CHAIN KIT 50'S CHRISTMAS,8,2024-09-11 14:00:00,2.55,17071,United Kingdom
536447,21730,GLASS STAR FROSTED T-LIGHT HOLDER,2,2024-11-29 15:30:00,4.25,17019,United Kingdom
536647,47566,PARTY BUNTING,3,2024-09-01 14:00:00,4.65,17071,United Kingdom
536607,22632,HAND WARMER RED POLKA DOT,1,2024-06-21 15:30:00,1.85,17060,United Kingdom
536380,22910,PAPER CHAIN KIT VINTAGE CHRISTMAS,10,2024-01-09 14:15:00,2.95,17003,France
536646,22913,RED COAT RACK PARIS FASHION,3,2024-06-10 17:45:00,4.95,17070,EIRE
536500,21777,RECIPE BOX WITH METAL HEART,7,2024-05-06 15:00:00,7.95,17035,United Kingdom
536374,22086,PAPER CHAIN KIT 50'S CHRISTMAS,9,2024-05-29 16:15:00,2.55,17002,United Kingdom
536658,22910,PAPER CHAIN KIT VINTAGE CHRISTMAS,5,2024-03-14 15:15:00,2.95,17073,United Kingdom
536541,84969,BOX OF 6 ASSORTED COLOUR TEASPOONS,11,2024-04-01 15:00:00,4.25,17045,United Kingdom
536497,21977,PACK OF 60 PINK PAISLEY CAKE CASES,12,2024-06-20 12:45:00,0.55,17034,Netherlands
536419,22745,POPPY'S PLAYHOUSE BEDROOM,4,2024-11-03 12:15:00,2.10,17011,United Kingdom
536461,21212,PACK OF 72 RETROSPOT CAKE CASES,8,2024-09-14 14:45:00,0.55,17023,Germany
536400,22748,POPPY'S PLAYHOUSE KITCHEN,9,2024-11-08 18:15:00,2.10,17008,United Kingdom
536628,22423,REGENCY CAKESTAND 3 TIER,3,2024-04-08 16:15:00,12.75,17066,France
536434,22960,JAM MAKING SET WITH JARS,1,2024-07-11 09:30:00,4.25,17016,United Kingdom
536538,21777,RECIPE BOX WITH METAL HEART,8,2024-08-06 09:15:00,7.95,17043,United Kingdom
536398,47566,PARTY BUNTING,12,2024-10-15 14:30:00,4.65,17007,United Kingdom
536655,21755,LOVE BUILDING BLOCK WORD,5,2024-05-08 16:15:00,5.95,17072,Netherlands
536654,21212,PACK OF 72 RETROSPOT CAKE CASES,7,2024-03-25 16:30:00,0.55,17072,Netherlands
536547,22622,BOX OF VINTAGE ALPHABET BLOCKS,10,2024-04-02 10:15:00,9.95,17046,United Kingdom
536432,23203,JUMBO BAG VINTAGE DOILY,12,2024-01-28 12:45:00,2.08,17015,United Kingdom
536598,21977,PACK OF 60 PINK PAISLEY CAKE CASES,4,2024-08-15 13:15:00,0.55,17057,United Kingdom
536476,22086,PAPER CHAIN KIT 50'S CHRISTMAS,9,2024-05-04 15:15:00,2.55,17028,United Kingdom
536557,20725,LUNCH BAG RED RETROSPOT,12,2024-07-24 15:30:00,1.65,17049,United Kingdom
536433,22910,PAPER CHAIN KIT VINTAGE CHRISTMAS,9,2024-07-05 13:45:00,2.95,17016,United Kingdom
536443,23203,JUMBO BAG VINTAGE DOILY,5,2024-10-13 14:15:00,2.08,17018,France
536368,22748,POPPY'S PLAYHOUSE KITCHEN,11,2024-03-31 14:30:00,2.10,17000,United Kingdom
536484,22467,GUMBALL COAT RACK,8,2024-02-20 17:15:00,2.55,17031,United Kingdom
536664,22467,GUMBALL COAT RACK,8,2024-01-29 15:00:00,2.55,17075,United Kingdom
536479,21034,REX CASH+CARRY JUMBO SHOPPER,12,2024-10-02 11:15:00,0.95,17029,Spain
536425,22086,PAPER CHAIN KIT 50'S CHRISTMAS,4,2024-03-28 18:00:00,2.55,17013,Germany
536443,22086,PAPER CHAIN KIT 50'S CHRISTMAS,5,2024-10-13 14:15:00,2.55,17018,France
536595,22748,POPPY'S PLAYHOUSE KITCHEN,8,2024-07-25 13:15:00,2.10,17057,United Kingdom
536635,21931,JUMBO STORAGE BAG SUKI,12,2024-11-23 10:15:00,1.95,17068,United Kingdom
536527,22633,HAND WARMER UNION JACK,7,2024-06-09 10:45:00,1.85,17041,Germany
536491,22622,BOX OF VINTAGE ALPHABET BLOCKS,7,2024-02-20 11:30:00,9.95,17033,United Kingdom
536663,22174,PHOTO CUBE,1,2024-10-17 09:45:00,2.10,17075,United Kingdom
536561,22086,PAPER CHAIN KIT 50'S CHRISTMAS,1,2024-06-20 15:00:00,2.55,17050,United Kingdom
536542,21755,LOVE BUILDING BLOCK WORD,12,2024-11-22 09:00:00,5.95,17045,United Kingdom
536440,22467,GUMBALL COAT RACK,3,2024-08-09 18:45:00,2.55,17017,EIRE
536578,22383,LUNCH BAG SUKI DESIGN,4,2024-08-04 13:15:00,1.65,17053,United Kingdom
536502,22910,PAPER CHAIN KIT VINTAGE CHRISTMAS,1,2024-05-28 10:15:00,2.95,17036,United Kingdom
536668,23203,JUMBO BAG VINTAGE DOILY,4,2024-01-28 11:00:00,2.08,17076,United Kingdom
536509,22623,BOX OF VINTAGE JIGSAW BLOCKS,12,2024-11-05 16:15:00,4.95,17037,United Kingdom
536500,22174,PHOTO CUBE,11,2024-05-06 15:00:00,2.10,17035,United Kingdom
536579,21212,PACK OF 72 RETROSPOT CAKE CASES,5,2024-06-17 15:30:00,0.55,17053,United Kingdom
536401,84879,ASSORTED COLOUR BIRD ORNAMENT,1,2024-08-25 18:45:00,1.69,17008,United Kingdom
536626,22174,PHOTO CUBE,9,2024-08-19 18:45:00,2.10,17065,Spain
536418,22633,HAND WARMER UNION JACK,4,2024-04-25 18:00:00,1.85,17011,United Kingdom
536494,22623,BOX OF VINTAGE JIGSAW BLOCKS,4,2024-03-06 13:30:00,4.95,17034,Netherlands
536584,20727,LUNCH BAG BLACK SKULL,1,2024-10-09 18:30:00,1.65,17055,United Kingdom
536438,21777,RECIPE BOX WITH METAL HEART,1,2024-06-27 11:15:00,7.95,17017,EIRE
536667,22633,HAND WARMER UNION JACK,3,2024-10-28 17:15:00,1.85,17076,United Kingdom
536678,84991,60 TEATIME FAIRY CAKE CASES,2,2024-02-04 10:30:00,0.55,17078,EIRE
536386,22086,PAPER CHAIN KIT 50'S CHRISTMAS,12,2024-02-14 16:45:00,2.55,17005,United Kingdom
536617,22910,PAPER CHAIN KIT VINTAGE CHRISTMAS,8,2024-05-11 10:30:00,2.95,17062,United Kingdom
536450,22174,PHOTO CUBE,2,2024-09-24 12:00:00,2.10,17020,United Kingdom
536496,22310,IVORY KNITTED MUG COSY,12,2024-10-27 13:00:00,1.65,17034,Netherlands
536595,85123A,WHITE HANGING HEART T-LIGHT HOLDER,8,2024-07-25 13:15:00,2.55,17057,United Kingdom
536424,22086,PAPER CHAIN KIT 50'S CHRISTMAS,10,2024-01-22 11:30:00,2.55,17013,Germany
536650,22910,PAPER CHAIN KIT VINTAGE CHRISTMAS,3,2024-08-16 18:45:00,2.95,17071,United Kingdom
536461,84879,ASSORTED COLOUR BIRD ORNAMENT,11,2024-09-14 14:45:00,1.69,17023,Germany
536637,22383,LUNCH BAG SUKI DESIGN,6,2024-06-09 18:30:00,1.65,17068,United Kingdom
536462,21212,PACK OF 72 RETROSPOT CAKE CASES,8,2024-09-09 12:15:00,0.55,17023,Germany
536469,21755,LOVE BUILDING BLOCK WORD,11,2024-03-16 14:00:00,5.95,17026,Spain
536611,84879,ASSORTED COLOUR BIRD ORNAMENT,11,2024-08-13 10:15:00,1.69,17061,United Kingdom
536509,22745,POPPY'S PLAYHOUSE BEDROOM,1,2024-11-05 16:15:00,2.10,17037,United Kingdom
536561,84991,60 TEATIME FAIRY CAKE CASES,9,2024-06-20 15:00:00,0.55,17050,United Kingdom
536681,22752,SET 7 BABUSHKA NESTING BOXES,3,2024-10-05 17:45:00,7.65,17079,United Kingdom
536673,84879,ASSORTED COLOUR BIRD ORNAMENT,7,2024-11-29 18:15:00,1.69,17077,EIRE
536442,21777,RECIPE BOX WITH METAL HEART,1,2024-05-16 09:30:00,7.95,17018,France
536388,20727,LUNCH BAG BLACK SKULL,12,2024-08-03 14:45:00,1.65,17006,United Kingdom
536570,22633,HAND WARMER UNION JACK,4,2024-09-27 11:45:00,1.85,17051,United Kingdom
536669,23203,JUMBO BAG VINTAGE DOILY,8,2024-01-27 18:15:00,2.08,17076,United Kingdom
536644,84406B,CREAM CUPID HEARTS COAT HANGER,8,2024-10-07 10:45:00,2.75,17070,EIRE
536518,22622,BOX OF VINTAGE ALPHABET BLOCKS,3,2024-05-08 18:30:00,9.95,17039,Spain
536542,22383,LUNCH BAG SUKI DESIGN,2,2024-11-22 09:00:00,1.65,17045,United Kingdom
536436,21212,PACK OF 72 RETROSPOT CAKE CASES,9,2024-10-04 15:15:00,0.55,17017,EIRE
536674,21977,PACK OF 60 PINK PAISLEY CAKE CASES,11,2024-01-28 16:00:00,0.55,17077,EIRE
536458,22632,HAND WARMER RED POLKA DOT,10,2024-07-27 14:30:00,1.85,17022,United Kingdom
536390,21034,REX CASH+CARRY JUMBO SHOPPER,7,2024-01-21 10:45:00,0.95,17006,United Kingdom
536372,71053,WHITE METAL LANTERN,11,2024-03-26 14:15:00,3.39,17001,France
536543,22467,GUMBALL COAT RACK,2,2024-03-02 16:15:00,2.55,17045,United Kingdom
536447,22913,RED COAT RACK PARIS FASHION,3,2024-11-29 15:30:00,4.95,17019,United Kingdom
536421,22086,PAPER CHAIN KIT 50'S CHRISTMAS,2,2024-08-22 10:00:00,2.55,17012,United Kingdom
536490,84969,BOX OF 6 ASSORTED COLOUR TEASPOONS,11,2024-04-22 13:00:00,4.25,17033,United Kingdom
536669,22748,POPPY'S PLAYHOUSE KITCHEN,8,2024-01-27 18:15:00,2.10,17076,United Kingdom
536437,21730,GLASS STAR FROSTED T-LIGHT HOLDER,2,2024-02-19 11:30:00,4.25,17017,EIRE
536488,22633,HAND WARMER UNION JACK,8,2024-04-30 17:15:00,1.85,17032,EIRE
536366,22748,POPPY'S PLAYHOUSE KITCHEN,2,2024-05-12 12:15:00,2.10,17000,United Kingdom
536372,22633,HAND WARMER UNION JACK,9,2024-03-26 14:15:00,1.85,17001,France
536560,47566,PARTY BUNTING,1,2024-09-07 17:00:00,4.65,17050,United Kingdom
536646,21755,LOVE BUILDING BLOCK WORD,9,2024-06-10 17:45:00,5.95,17070,EIRE
536551,48187,DOORMAT NEW ENGLAND,8,2024-10-21 12:45:00,7.95,17047,United Kingdom
536508,22749,FELTCRAFT PRINCESS CHARLOTTE DOLL,8,2024-06-19 13:00:00,3.75,17037,United Kingdom
536644,22745,POPPY'S PLAYHOUSE BEDROOM,2,2024-10-07 10:45:00,2.10,17070,EIRE
536576,22086,PAPER CHAIN KIT 50'S CHRISTMAS,10,2024-07-01 16:00:00,2.55,17052,France
536533,22960,JAM MAKING SET WITH JARS,5,2024-02-23 13:00:00,4.25,17042,United Kingdom
536513,84879,ASSORTED COLOUR BIRD ORNAMENT,11,2024-07-08 15:00:00,1.69,17038,United Kingdom
536567,22623,BOX OF VINTAGE JIGSAW BLOCKS,6,2024-11-02 11:30:00,4.95,17051,United Kingdom
536481,22423,REGENCY CAKESTAND 3 TIER,4,2024-04-23 18:15:00,12.75,17030,United Kingdom
536520,22623,BOX OF VINTAGE JIGSAW BLOCKS,6,2024-06-21 11:15:00,4.95,17039,Spain
536657,47566,PARTY BUNTING,2,2024-04-09 14:00:00,4.65,17073,United Kingdom
536618,20725,LUNCH BAG RED RETROSPOT,12,2024-01-30 12:15:00,1.65,17062,United Kingdom
536410,22745,POPPY'S PLAYHOUSE BEDROOM,9,2024-09-13 17:00:00,2.10,17010,United Kingdom
536487,21754,HOME BUILDING BLOCK WORD,2,2024-08-09 17:00:00,5.95,17032,EIRE
536654,84991,60 TEATIME FAIRY CAKE CASES,7,2024-03-25 16:30:00,0.55,17072,Netherlands
536668,20727,LUNCH BAG BLACK SKULL,3,2024-01-28 11:00:00,1.65,17076,United Kingdom
536486,20727,LUNCH BAG BLACK SKULL,7,2024-04-19 18:15:00,1.65,17032,EIRE
536431,21755,LOVE BUILDING BLOCK WORD,2,2024-11-17 18:45:00,5.95,17015,United Kingdom
536611,22632,HAND WARMER RED POLKA DOT,6,2024-08-13 10:15:00,1.85,17061,United Kingdom
536647,22086,PAPER CHAIN KIT 50'S CHRISTMAS,3,2024-09-01 14:00:00,2.55,17071,United Kingdom
536430,48187,DOORMAT NEW ENGLAND,5,2024-02-15 11:45:00,7.95,17014,France
536667,21931,JUMBO STORAGE BAG SUKI,8,2024-10-28 17:15:00,1.95,17076,United Kingdom
536617,21931,JUMBO STORAGE BAG SUKI,10,2024-05-11 10:30:00,1.95,17062,United Kingdom
536405,47566,PARTY BUNTING,9,2024-08-19 16:00:00,4.65,17009,United Kingdom
536609,85099B,JUMBO BAG RED RETROSPOT,9,2024-02-17 16:00:00,1.95,17061,United Kingdom
536616,22910,PAPER CHAIN KIT VINTAGE CHRISTMAS,9,2024-02-02 17:45:00,2.95,17062,United Kingdom
536530,84879,ASSORTED COLOUR BIRD ORNAMENT,7,2024-05-24 14:00:00,1.69,17041,Germany
536525,84991,60 TEATIME FAIRY CAKE CASES,11,2024-06-05 10:45:00,0.55,17040,United Kingdom
536591,22910,PAPER CHAIN KIT VINTAGE CHRISTMAS,3,2024-03-24 16:00:00,2.95,17056,Netherlands
536393,22086,PAPER CHAIN KIT 50'S CHRISTMAS,12,2024-03-06 11:30:00,2.55,17007,United Kingdom
536464,84406B,CREAM CUPID HEARTS COAT HANGER,5,2024-03-31 16:30:00,2.75,17024,United Kingdom
536673,22633,HAND WARMER UNION JACK,1,2024-11-29 18:15:00,1.85,17077,EIRE
536395,20727,LUNCH BAG BLACK SKULL,6,2024-08-14 14:00:00,1.65,17007,United Kingdom
536426,22086,PAPER CHAIN KIT 50'S CHRISTMAS,7,2024-03-18 13:30:00,2.55,17013,Germany
536592,47566,PARTY BUNTING,11,2024-02-07 12:30:00,4.65,17056,Netherlands
536419,22748,POPPY'S PLAYHOUSE KITCHEN,1,2024-11-03 12:15:00,2.10,17011,United Kingdom
536634,22423,REGENCY CAKESTAND 3 TIER,4,2024-05-19 17:30:00,12.75,17067,United Kingdom
536405,48187,DOORMAT NEW ENGLAND,1,2024-08-19 16:00:00,7.95,17009,United Kingdom
536663,22633,HAND WARMER UNION JACK,6,2024-10-17 09:45:00,1.85,17075,United Kingdom
536552,22622,BOX OF VINTAGE ALPHABET BLOCKS,10,2024-11-27 13:30:00,9.95,17048,United Kingdom
536589,84879,ASSORTED COLOUR BIRD ORNAMENT,5,2024-07-03 15:15:00,1.69,17056,Netherlands
536488,22174,PHOTO CUBE,8,2024-04-30 17:15:00,2.10,17032,EIRE
536616,20727,LUNCH BAG BLACK SKULL,10,2024-02-02 17:45:00,1.65,17062,United Kingdom
536546,22623,BOX OF VINTAGE JIGSAW BLOCKS,7,2024-07-16 14:15:00,4.95,17046,United Kingdom
536474,22749,FELTCRAFT PRINCESS CHARLOTTE DOLL,4,2024-04-14 09:30:00,3.75,17027,Germany
536615,22910,PAPER CHAIN KIT VINTAGE CHRISTMAS,8,2024-07-21 09:30:00,2.95,17062,United Kingdom
536610,22633,HAND WARMER UNION JACK,8,2024-05-05 17:45:00,1.85,17061,United Kingdom
536367,20727,LUNCH BAG BLACK SKULL,6,2024-02-26 14:30:00,1.65,17000,United Kingdom
536627,22752,SET 7 BABUSHKA NESTING BOXES,3,2024-08-20 15:30:00,7.65,17065,Spain
536599,22467,GUMBALL COAT RACK,6,2024-08-11 12:30:00,2.55,17058,France
536591,21755,LOVE BUILDING BLOCK WORD,2,2024-03-24 16:00:00,5.95,17056,Netherlands
536463,22745,POPPY'S PLAYHOUSE BEDROOM,2,2024-02-22 18:15:00,2.10,17024,United Kingdom
536600,21730,GLASS STAR FROSTED T-LIGHT HOLDER,5,2024-01-17 11:00:00,4.25,17058,France
536387,22960,JAM MAKING SET WITH JARS,2,2024-08-23 11:45:00,4.25,17005,United Kingdom
536493,22623,BOX OF VINTAGE JIGSAW BLOCKS,9,2024-04-02 10:00:00,4.95,17034,Netherlands
536567,22633,HAND WARMER UNION JACK,8,2024-11-02 11:30:00,1.85,17051,United Kingdom
536534,48187,DOORMAT NEW ENGLAND,5,2024-05-16 12:45:00,7.95,17043,United Kingdom
536454,21730,GLASS STAR FROSTED T-LIGHT HOLDER,6,2024-07-02 15:15:00,4.25,17021,United Kingdom
536489,21977,PACK OF 60 PINK PAISLEY CAKE CASES,4,2024-02-11 13:00:00,0.55,17033,United Kingdom
536373,22632,HAND WARMER RED POLKA DOT,2,2024-06-15 15:30:00,1.85,17002,United Kingdom
536544,22745,POPPY'S PLAYHOUSE BEDROOM,6,2024-06-07 13:45:00,2.10,17046,United Kingdom
536652,23203,JUMBO BAG VINTAGE DOILY,8,2024-09-11 14:00:00,2.08,17071,United Kingdom
536548,22623,BOX OF VINTAGE JIGSAW BLOCKS,2,2024-09-29 17:00:00,4.95,17046,United Kingdom
536620,22749,FELTCRAFT PRINCESS CHARLOTTE DOLL,6,2024-09-24 10:30:00,3.75,17063,United Kingdom
536379,22632,HAND WARMER RED POLKA DOT,11,2024-06-09 10:15:00,1.85,17003,France
536659,47566,PARTY BUNTING,2,2024-08-13 14:30:00,4.65,17073,United Kingdom
536666,22623,BOX OF VINTAGE JIGSAW BLOCKS,2,2024-11-07 18:15:00,4.95,17076,United Kingdom
536454,71053,WHITE METAL LANTERN,7,2024-07-02 15:15:00,3.39,17021,United Kingdom
536459,22174,PHOTO CUBE,6,2024-06-28 17:45:00,2.10,17022,United Kingdom
536614,23203,JUMBO BAG VINTAGE DOILY,1,2024-10-25 12:00:00,2.08,17062,United Kingdom
536369,22961,JAM MAKING SET PRINTED,8,2024-06-22 09:15:00,1.45,17000,United Kingdom
536562,22910,PAPER CHAIN KIT VINTAGE CHRISTMAS,8,2024-02-10 12:15:00,2.95,17050,United Kingdom
536640,22748,POPPY'S PLAYHOUSE KITCHEN,12,2024-06-23 11:00:00,2.10,17069,United Kingdom
536448,22623,BOX OF VINTAGE JIGSAW BLOCKS,5,2024-10-05 14:45:00,4.95,17019,United Kingdom
536595,22749,FELTCRAFT PRINCESS CHARLOTTE DOLL,9,2024-07-25 13:15:00,3.75,17057,United Kingdom
536514,85099B,JUMBO BAG RED RETROSPOT,6,2024-08-22 11:00:00,1.95,17038,United Kingdom
536391,21034,REX CASH+CARRY JUMBO SHOPPER,1,2024-05-16 10:45:00,0.95,17006,United Kingdom
536492,20727,LUNCH BAG BLACK SKULL,9,2024-11-08 11:45:00,1.65,17033,United Kingdom
536423,22086,PAPER CHAIN KIT 50'S CHRISTMAS,4,2024-02-26 14:15:00,2.55,17012,United Kingdom
536511,22623,BOX OF VINTAGE JIGSAW BLOCKS,6,2024-06-18 16:30:00,4.95,17037,United Kingdom
536575,47566,PARTY BUNTING,11,2024-11-13 16:45:00,4.65,17052,France
536404,21754,HOME BUILDING BLOCK WORD,9,2024-09-17 13:45:00,5.95,17009,United Kingdom
536572,22086,PAPER CHAIN KIT 50'S CHRISTMAS,6,2024-07-06 14:45:00,2.55,17052,France
536451,22745,POPPY'S PLAYHOUSE BEDROOM,3,2024-06-14 15:45:00,2.10,17020,United Kingdom
536676,21212,PACK OF 72 RETROSPOT CAKE CASES,3,2024-02-05 17:30:00,0.55,17078,EIRE
536389,47566,PARTY BUNTING,11,2024-04-29 16:15:00,4.65,17006,United Kingdom
536593,22745,POPPY'S PLAYHOUSE BEDROOM,7,2024-09-13 16:00:00,2.10,17057,United Kingdom
536540,22748,POPPY'S PLAYHOUSE KITCHEN,12,2024-01-10 09:15:00,2.10,17044,United Kingdom
536614,21730,GLASS STAR FROSTED T-LIGHT HOLDER,10,2024-10-25 12:00:00,4.25,17062,United Kingdom
536532,22310,IVORY KNITTED MUG COSY,3,2024-07-10 12:30:00,1.65,17042,United Kingdom
536667,22383,LUNCH BAG SUKI DESIGN,10,2024-10-28 17:15:00,1.65,17076,United Kingdom
536647,22383,LUNCH BAG SUKI DESIGN,9,2024-09-01 14:00:00,1.65,17071,United Kingdom
536583,22910,PAPER CHAIN KIT VINTAGE CHRISTMAS,9,2024-07-28 15:15:00,2.95,17054,United Kingdom
536640,21755,LOVE BUILDING BLOCK WORD,11,2024-06-23 11:00:00,5.95,17069,United Kingdom
536625,22632,HAND WARMER RED POLKA DOT,4,2024-07-24 16:45:00,1.85,17065,Spain
536460,84991,60 TEATIME FAIRY CAKE CASES,5,2024-08-05 17:45:00,0.55,17023,Germany
536547,20727,LUNCH BAG BLACK SKULL,10,2024-04-02 10:15:00,1.65,17046,United Kingdom
536512,22749,FELTCRAFT PRINCESS CHARLOTTE DOLL,10,2024-03-09 17:30:00,3.75,17037,United Kingdom
536400,22622,BOX OF VINTAGE ALPHABET BLOCKS,1,2024-11-08 18:15:00,9.95,17008,United Kingdom
536633,84991,60 TEATIME FAIRY CAKE CASES,10,2024-04-24 12:00:00,0.55,17067,United Kingdom
536539,85099B,JUMBO BAG RED RETROSPOT,7,2024-08-26 13:15:00,1.95,17044,United Kingdom
536377,84879,ASSORTED COLOUR BIRD ORNAMENT,9,2024-05-07 15:00:00,1.69,17003,France
536644,22623,BOX OF VINTAGE JIGSAW BLOCKS,8,2024-10-07 10:45:00,4.95,17070,EIRE
536652,85099B,JUMBO BAG RED RETROSPOT,1,2024-09-11 14:00:00,1.95,17071,United Kingdom
536571,22622,BOX OF VINTAGE ALPHABET BLOCKS,9,2024-01-29 12:30:00,9.95,17051,United Kingdom
536628,21754,HOME BUILDING BLOCK WORD,7,2024-04-08 16:15:00,5.95,17066,France
536537,22310,IVORY KNITTED MUG COSY,7,2024-05-19 17:15:00,1.65,17043,United Kingdom
537005,22745,POPPY'S PLAYHOUSE BEDROOM,0,2024-03-07 09:45:00,2.10,17022,United Kingdom
536366,22174,PHOTO CUBE,2,2024-05-12 12:15:00,2.10,17000,United Kingdom
536681,84991,60 TEATIME FAIRY CAKE CASES,5,2024-10-05 17:45:00,0.55,17079,United Kingdom
536653,22749,FELTCRAFT PRINCESS CHARLOTTE DOLL,2,2024-06-04 11:00:00,3.75,17072,Netherlands
536636,84991,60 TEATIME FAIRY CAKE CASES,12,2024-04-06 12:30:00,0.55,17068,United Kingdom
536602,47566,PARTY BUNTING,5,2024-03-29 09:00:00,4.65,17059,France
536583,47566,PARTY BUNTING,2,2024-07-28 15:15:00,4.65,17054,United Kingdom
536618,22910,PAPER CHAIN KIT VINTAGE CHRISTMAS,10,2024-01-30 12:15:00,2.95,17062,United Kingdom
536581,84969,BOX OF 6 ASSORTED COLOUR TEASPOONS,5,2024-07-31 14:00:00,4.25,17053,United Kingdom
536653,22467,GUMBALL COAT RACK,1,2024-06-04 11:00:00,2.55,17072,Netherlands
536615,22086,PAPER CHAIN KIT 50'S CHRISTMAS,12,2024-07-21 09:30:00,2.55,17062,United Kingdom
536529,22910,PAPER CHAIN KIT VINTAGE CHRISTMAS,8,2024-11-14 16:00:00,2.95,17041,Germany
536635,20725,LUNCH BAG RED RETROSPOT,7,2024-11-23 10:15:00,1.65,17068,United Kingdom
536410,20725,LUNCH BAG RED RETROSPOT,10,2024-09-13 17:00:00,1.65,17010,United Kingdom
536670,20727,LUNCH BAG BLACK SKULL,4,2024-01-30 09:30:00,1.65,17076,United Kingdom
536653,21755,LOVE BUILDING BLOCK WORD,5,2024-06-04 11:00:00,5.95,17072,Netherlands
536522,48187,DOORMAT NEW ENGLAND,3,2024-08-09 11:45:00,7.95,17040,United Kingdom
536626,22467,GUMBALL COAT RACK,11,2024-08-19 18:45:00,2.55,17065,Spain
536424,47566,PARTY BUNTING,1,2024-01-22 11:30:00,4.65,17013,Germany
536661,22623,BOX OF VINTAGE JIGSAW BLOCKS,3,2024-10-26 13:45:00,4.95,17074,United Kingdom
536561,48187,DOORMAT NEW ENGLAND,9,2024-06-20 15:00:00,7.95,17050,United Kingdom
536626,22383,LUNCH BAG SUKI DESIGN,5,2024-08-19 18:45:00,1.65,17065,Spain
536633,21977,PACK OF 60 PINK PAISLEY CAKE CASES,6,2024-04-24 12:00:00,0.55,17067,United Kingdom
536555,84406B,CREAM CUPID HEARTS COAT HANGER,11,2024-01-14 17:00:00,2.75,17048,United Kingdom
536482,22752,SET 7 BABUSHKA NESTING BOXES,12,2024-10-17 15:45:00,7.65,17030,United Kingdom
536380,22174,PHOTO CUBE,7,2024-01-09 14:15:00,2.10,17003,France
536494,22749,FELTCRAFT PRINCESS CHARLOTTE DOLL,10,2024-03-06 13:30:00,3.75,17034,Netherlands
536665,22752,SET 7 BABUSHKA NESTING BOXES,10,2024-01-17 16:00:00,7.65,17075,United Kingdom
536536,22178,VICTORIAN GLASS HANGING T-LIGHT,3,2024-06-07 13:45:00,1.25,17043,United Kingdom
536423,22633,HAND WARMER UNION JACK,10,2024-02-26 14:15:00,1.85,17012,United Kingdom
536577,22913,RED COAT RACK PARIS FASHION,9,2024-03-14 18:00:00,4.95,17053,United Kingdom
536617,21034,REX CASH+CARRY JUMBO SHOPPER,3,2024-05-11 10:30:00,0.95,17062,United Kingdom
536651,22910,PAPER CHAIN KIT VINTAGE CHRISTMAS,10,2024-12-01 15:45:00,2.95,17071,United Kingdom
536538,21754,HOME BUILDING BLOCK WORD,11,2024-08-06 09:15:00,5.95,17043,United Kingdom
536601,21034,REX CASH+CARRY JUMBO SHOPPER,11,2024-04-09 12:30:00,0.95,17059,France
536499,22633,HAND WARMER UNION JACK,11,2024-04-20 11:30:00,1.85,17035,United Kingdom
536490,21777,RECIPE BOX WITH METAL HEART,12,2024-04-22 13:00:00,7.95,17033,United Kingdom
536590,21754,HOME BUILDING BLOCK WORD,7,2024-07-01 14:15:00,5.95,17056,Netherlands
536657,22910,PAPER CHAIN KIT VINTAGE CHRISTMAS,2,2024-04-09 14:00:00,2.95,17073,United Kingdom
536459,22632,HAND WARMER RED POLKA DOT,1,2024-06-28 17:45:00,1.85,17022,United Kingdom
536562,47566,PARTY BUNTING,11,2024-02-10 12:15:00,4.65,17050,United Kingdom
536564,22086,PAPER CHAIN KIT 50'S CHRISTMAS,9,2024-01-31 10:30:00,2.55,17050,United Kingdom
536495,22086,PAPER CHAIN KIT 50'S CHRISTMAS,5,2024-07-05 18:45:00,2.55,17034,Netherlands
536457,21730,GLASS STAR FROSTED T-LIGHT HOLDER,8,2024-07-13 15:30:00,4.25,17021,United Kingdom
536428,84029G,KNITTED UNION FLAG HOT WATER BOTTLE,2,2024-11-19 16:30:00,3.39,17014,France
536388,22910,PAPER CHAIN KIT VINTAGE CHRISTMAS,12,2024-08-03 14:45:00,2.95,17006,United Kingdom
536592,21730,GLASS STAR FROSTED T-LIGHT HOLDER,11,2024-02-07 12:30:00,4.25,17056,Netherlands
536407,21730,GLASS STAR FROSTED T-LIGHT HOLDER,10,2024-05-26 15:45:00,4.25,17009,United Kingdom
536582,22086,PAPER CHAIN KIT 50'S CHRISTMAS,6,2024-07-22 15:30:00,2.55,17054,United Kingdom
536473,84879,ASSORTED COLOUR BIRD ORNAMENT,12,2024-07-21 17:30:00,1.69,17027,Germany
536547,22174,PHOTO CUBE,12,2024-04-02 10:15:00,2.10,17046,United Kingdom
536550,47566,PARTY BUNTING,9,2024-02-29 15:45:00,4.65,17047,United Kingdom
536669,22383,LUNCH BAG SUKI DESIGN,11,2024-01-27 18:15:00,1.65,17076,United Kingdom
536498,22174,PHOTO CUBE,1,2024-09-17 13:30:00,2.10,17035,United Kingdom
536671,22633,HAND WARMER UNION JACK,3,2024-05-04 10:30:00,1.85,17077,EIRE
536614,84969,BOX OF 6 ASSORTED COLOUR TEASPOONS,11,2024-10-25 12:00:00,4.25,17062,United Kingdom
536420,21977,PACK OF 60 PINK PAISLEY CAKE CASES,11,2024-02-03 11:45:00,0.55,17012,United Kingdom
536650,23203,JUMBO BAG VINTAGE DOILY,7,2024-08-16 18:45:00,2.08,17071,United Kingdom
536573,47566,PARTY BUNTING,1,2024-09-10 16:45:00,4.65,17052,France
536548,22910,PAPER CHAIN KIT VINTAGE CHRISTMAS,6,2024-09-29 17:00:00,2.95,17046,United Kingdom
536650,85099B,JUMBO BAG RED RETROSPOT,3,2024-08-16 18:45:00,1.95,17071,United Kingdom
536638,20725,LUNCH BAG RED RETROSPOT,5,2024-01-24 13:45:00,1.65,17068,United Kingdom
536683,22423,REGENCY CAKESTAND 3 TIER,12,2024-10-21 09:30:00,12.75,17079,United Kingdom
536492,22423,REGENCY CAKESTAND 3 TIER,7,2024-11-08 11:45:00,12.75,17033,United Kingdom
536630,22310,IVORY KNITTED MUG COSY,1,2024-09-19 17:00:00,1.65,17067,United Kingdom
536458,22633,HAND WARMER UNION JACK,5,2024-07-27 14:30:00,1.85,17022,United Kingdom
536650,22086,PAPER CHAIN KIT 50'S CHRISTMAS,2,2024-08-16 18:45:00,2.55,17071,United Kingdom
536516,85123A,WHITE HANGING HEART T-LIGHT HOLDER,9,2024-01-17 15:30:00,2.55,17039,Spain
536446,21755,LOVE BUILDING BLOCK WORD,1,2024-06-12 16:45:00,5.95,17019,United Kingdom
536401,22632,HAND WARMER RED POLKA DOT,5,2024-08-25 18:45:00,1.85,17008,United Kingdom
536590,22467,GUMBALL COAT RACK,3,2024-07-01 14:15:00,2.55,17056,Netherlands
536462,22960,JAM MAKING SET WITH JARS,11,2024-09-09 12:15:00,4.25,17023,Germany
536478,22910,PAPER CHAIN KIT VINTAGE CHRISTMAS,5,2024-11-18 16:45:00,2.95,17028,United Kingdom
536547,22749,FELTCRAFT PRINCESS CHARLOTTE DOLL,4,2024-04-02 10:15:00,3.75,17046,United Kingdom
536548,21777,RECIPE BOX WITH METAL HEART,4,2024-09-29 17:00:00,7.95,17046,United Kingdom
536603,22910,PAPER CHAIN KIT VINTAGE CHRISTMAS,8,2024-11-02 10:45:00,2.95,17059,France
536461,22961,JAM MAKING SET PRINTED,12,2024-09-14 14:45:00,1.45,17023,Germany
536471,22748,POPPY'S PLAYHOUSE KITCHEN,11,2024-11-07 09:45:00,2.10,17027,Germany
536484,21730,GLASS STAR FROSTED T-LIGHT HOLDER,10,2024-02-20 17:15:00,4.25,17031,United Kingdom
536642,22910,PAPER CHAIN KIT VINTAGE CHRISTMAS,9,2024-01-15 18:00:00,2.95,17069,United Kingdom
536559,20727,LUNCH BAG BLACK SKULL,6,2024-06-18 17:15:00,1.65,17049,United Kingdom
536538,84969,BOX OF 6 ASSORTED COLOUR TEASPOONS,6,2024-08-06 09:15:00,4.25,17043,United Kingdom
536627,22748,POPPY'S PLAYHOUSE KITCHEN,10,2024-08-20 15:30:00,2.10,17065,Spain
536656,71053,WHITE METAL LANTERN,11,2024-10-06 12:45:00,3.39,17072,Netherlands
536520,22622,BOX OF VINTAGE ALPHABET BLOCKS,10,2024-06-21 11:15:00,9.95,17039,Spain
536416,22622,BOX OF VINTAGE ALPHABET BLOCKS,1,2024-11-28 16:30:00,9.95,17011,United Kingdom
536468,22086,PAPER CHAIN KIT 50'S CHRISTMAS,2,2024-10-20 16:30:00,2.55,17026,Spain
536555,22178,VICTORIAN GLASS HANGING T-LIGHT,5,2024-01-14 17:00:00,1.25,17048,United Kingdom
536609,21034,REX CASH+CARRY JUMBO SHOPPER,12,2024-02-17 16:00:00,0.95,17061,United Kingdom
536386,22745,POPPY'S PLAYHOUSE BEDROOM,7,2024-02-14 16:45:00,2.10,17005,United Kingdom
536477,22633,HAND WARMER UNION JACK,11,2024-02-01 09:45:00,1.85,17028,United Kingdom
536610,22086,PAPER CHAIN KIT 50'S CHRISTMAS,12,2024-05-05 17:45:00,2.55,17061,United Kingdom
536640,22622,BOX OF VINTAGE ALPHABET BLOCKS,10,2024-06-23 11:00:00,9.95,17069,United Kingdom
536605,22910,PAPER CHAIN KIT VINTAGE CHRISTMAS,5,2024-06-18 17:30:00,2.95,17059,France
536548,22632,HAND WARMER RED POLKA DOT,8,2024-09-29 17:00:00,1.85,17046,United Kingdom
536433,22086,PAPER CHAIN KIT 50'S CHRISTMAS,11,2024-07-05 13:45:00,2.55,17016,United Kingdom
536501,22633,HAND WARMER UNION JACK,7,2024-01-12 18:15:00,1.85,17036,United Kingdom
536513,20725,LUNCH BAG RED RETROSPOT,1,2024-07-08 15:00:00,1.65,17038,United Kingdom
536409,22633,HAND WARMER UNION JACK,11,2024-11-05 14:00:00,1.85,17010,United Kingdom
536547,22623,BOX OF VINTAGE JIGSAW BLOCKS,12,2024-04-02 10:15:00,4.95,17046,United Kingdom
536671,84969,BOX OF 6 ASSORTED COLOUR TEASPOONS,4,2024-05-04 10:30:00,4.25,17077,EIRE
536525,84969,BOX OF 6 ASSORTED COLOUR TEASPOONS,9,2024-06-05 10:45:00,4.25,17040,United Kingdom
536518,22749,FELTCRAFT PRINCESS CHARLOTTE DOLL,12,2024-05-08 18:30:00,3.75,17039,Spain
536523,22310,IVORY KNITTED MUG COSY,9,2024-10-14 10:30:00,1.65,17040,United Kingdom
536516,22745,POPPY'S PLAYHOUSE BEDROOM,8,2024-01-17 15:30:00,2.10,17039,Spain
536451,22174,PHOTO CUBE,3,2024-06-14 15:45:00,2.10,17020,United Kingdom
536558,21931,JUMBO STORAGE BAG SUKI,6,2024-03-09 15:00:00,1.95,17049,United Kingdom
536401,22748,POPPY'S PLAYHOUSE KITCHEN,3,2024-08-25 18:45:00,2.10,17008,United Kingdom
536422,84879,ASSORTED COLOUR BIRD ORNAMENT,7,2024-10-16 12:45:00,1.69,17012,United Kingdom
536428,48187,DOORMAT NEW ENGLAND,7,2024-11-19 16:30:00,7.95,17014,France
536403,22174,PHOTO CUBE,6,2024-05-24 18:00:00,2.10,17008,United Kingdom
536612,22633,HAND WARMER UNION JACK,5,2024-08-15 14:15:00,1.85,17061,United Kingdom
536390,85099B,JUMBO BAG RED RETROSPOT,7,2024-01-21 10:45:00,1.95,17006,United Kingdom
536574,47566,PARTY BUNTING,8,2024-10-27 11:00:00,4.65,17052,France
536386,22423,REGENCY CAKESTAND 3 TIER,9,2024-02-14 16:45:00,12.75,17005,United Kingdom
536397,84879,ASSORTED COLOUR BIRD ORNAMENT,6,2024-02-20 12:45:00,1.69,17007,United Kingdom
536424,21730,GLASS STAR FROSTED T-LIGHT HOLDER,3,2024-01-22 11:30:00,4.25,17013,Germany
536589,22622,BOX OF VINTAGE ALPHABET BLOCKS,4,2024-07-03 15:15:00,9.95,17056,Netherlands
536399,22632,HAND WARMER RED POLKA DOT,9,2024-02-29 09:30:00,1.85,17008,United Kingdom
536670,22383,LUNCH BAG SUKI DESIGN,2,2024-01-30 09:30:00,1.65,17076,United Kingdom
536473,22467,GUMBALL COAT RACK,8,2024-07-21 17:30:00,2.55,17027,Germany
536480,22745,POPPY'S PLAYHOUSE BEDROOM,9,2024-05-02 13:00:00,2.10,17029,Spain
536420,22633,HAND WARMER UNION JACK,2,2024-02-03 11:45:00,1.85,17012,United Kingdom
536471,22632,HAND WARMER RED POLKA DOT,3,2024-11-07 09:45:00,1.85,17027,Germany
536660,22086,PAPER CHAIN KIT 50'S CHRISTMAS,12,2024-09-15 12:45:00,2.55,17073,United Kingdom
536483,22622,BOX OF VINTAGE ALPHABET BLOCKS,7,2024-02-23 09:30:00,9.95,17031,United Kingdom
536589,22913,RED COAT RACK PARIS FASHION,10,2024-07-03 15:15:00,4.95,17056,Netherlands
536553,22913,RED COAT RACK PARIS FASHION,10,2024-03-16 16:00:00,4.95,17048,United Kingdom
536586,85099B,JUMBO BAG RED RETROSPOT,4,2024-04-28 18:30:00,1.95,17055,United Kingdom
536475,21730,GLASS STAR FROSTED T-LIGHT HOLDER,6,2024-05-31 15:45:00,4.25,17028,United Kingdom
536551,47566,PARTY BUNTING,2,2024-10-21 12:45:00,4.65,17047,United Kingdom
536520,22748,POPPY'S PLAYHOUSE KITCHEN,10,2024-06-21 11:15:00,2.10,17039,Spain
536612,23203,JUMBO BAG VINTAGE DOILY,12,2024-08-15 14:15:00,2.08,17061,United Kingdom
536508,22745,POPPY'S PLAYHOUSE BEDROOM,6,2024-06-19 13:00:00,2.10,17037,United Kingdom
536669,21931,JUMBO STORAGE BAG SUKI,3,2024-01-27 18:15:00,1.95,17076,United Kingdom
536554,22178,VICTORIAN GLASS HANGING T-LIGHT,5,2024-09-26 13:30:00,1.25,17048,United Kingdom
536400,21034,REX CASH+CARRY JUMBO SHOPPER,3,2024-11-08 18:15:00,0.95,17008,United Kingdom
536677,22423,REGENCY CAKESTAND 3 TIER,7,2024-10-20 10:15:00,12.75,17078,EIRE
536631,84991,60 TEATIME FAIRY CAKE CASES,12,2024-06-08 14:00:00,0.55,17067,United Kingdom
536528,22910,PAPER CHAIN KIT VINTAGE CHRISTMAS,7,2024-10-16 14:30:00,2.95,17041,Germany
536404,23203,JUMBO BAG VINTAGE DOILY,5,2024-09-17 13:45:00,2.08,17009,United Kingdom
536479,21931,JUMBO STORAGE BAG SUKI,4,2024-10-02 11:15:00,1.95,17029,Spain
536620,47566,PARTY BUNTING,6,2024-09-24 10:30:00,4.65,17063,United Kingdom
536674,22310,IVORY KNITTED MUG COSY,5,2024-01-28 16:00:00,1.65,17077,EIRE
536481,20725,LUNCH BAG RED RETROSPOT,5,2024-04-23 18:15:00,1.65,17030,United Kingdom
536565,22086,PAPER CHAIN KIT 50'S CHRISTMAS,11,2024-03-11 09:00:00,2.55,17050,United Kingdom
536451,22633,HAND WARMER UNION JACK,6,2024-06-14 15:45:00,1.85,17020,United Kingdom
536684,22310,IVORY KNITTED MUG COSY,10,2024-10-13 17:30:00,1.65,17079,United Kingdom
536389,23203,JUMBO BAG VINTAGE DOILY,7,2024-04-29 16:15:00,2.08,17006,United Kingdom
536381,22960,JAM MAKING SET WITH JARS,7,2024-08-06 09:15:00,4.25,17004,United Kingdom
536540,22749,FELTCRAFT PRINCESS CHARLOTTE DOLL,10,2024-01-10 09:15:00,3.75,17044,United Kingdom
536514,21034,REX CASH+CARRY JUMBO SHOPPER,3,2024-08-22 11:00:00,0.95,17038,United Kingdom
536629,84406B,CREAM CUPID HEARTS COAT HANGER,10,2024-10-23 11:15:00,2.75,17066,France
536414,84879,ASSORTED COLOUR BIRD ORNAMENT,2,2024-03-15 10:30:00,1.69,17010,United Kingdom
536679,20725,LUNCH BAG RED RETROSPOT,7,2024-06-03 10:00:00,1.65,17078,EIRE
536439,22910,PAPER CHAIN KIT VINTAGE CHRISTMAS,4,2024-02-17 09:30:00,2.95,17017,EIRE
536621,84029G,KNITTED UNION FLAG HOT WATER BOTTLE,3,2024-02-08 13:45:00,3.39,17064,United Kingdom
536609,84879,ASSORTED COLOUR BIRD ORNAMENT,2,2024-02-17 16:00:00,1.69,17061,United Kingdom
536618,85123A,WHITE HANGING HEART T-LIGHT HOLDER,12,2024-01-30 12:15:00,2.55,17062,United Kingdom
536409,84879,ASSORTED COLOUR BIRD ORNAMENT,12,2024-11-05 14:00:00,1.69,17010,United Kingdom
536572,22910,PAPER CHAIN KIT VINTAGE CHRISTMAS,7,2024-07-06 14:45:00,2.95,17052,France
536376,22632,HAND WARMER RED POLKA DOT,2,2024-01-09 15:30:00,1.85,17003,France
536541,21977,PACK OF 60 PINK PAISLEY CAKE CASES,5,2024-04-01 15:00:00,0.55,17045,United Kingdom
536536,47566,PARTY BUNTING,5,2024-06-07 13:45:00,4.65,17043,United Kingdom
536501,22086,PAPER CHAIN KIT 50'S CHRISTMAS,4,2024-01-12 18:15:00,2.55,17036,United Kingdom
536495,22748,POPPY'S PLAYHOUSE KITCHEN,12,2024-07-05 18:45:00,2.10,17034,Netherlands
536455,21755,LOVE BUILDING BLOCK WORD,8,2024-10-29 14:15:00,5.95,17021,United Kingdom
536435,47566,PARTY BUNTING,6,2024-06-28 18:15:00,4.65,17016,United Kingdom
536551,22086,PAPER CHAIN KIT 50'S CHRISTMAS,2,2024-10-21 12:45:00,2.55,17047,United Kingdom
536615,85099B,JUMBO BAG RED RETROSPOT,6,2024-07-21 09:30:00,1.95,17062,United Kingdom
536407,71053,WHITE METAL LANTERN,10,2024-05-26 15:45:00,3.39,17009,United Kingdom
536645,22622,BOX OF VINTAGE ALPHABET BLOCKS,9,2024-07-05 16:45:00,9.95,17070,EIRE
536662,21931,JUMBO STORAGE BAG SUKI,6,2024-06-24 15:00:00,1.95,17074,United Kingdom
536481,21730,GLASS STAR FROSTED T-LIGHT HOLDER,11,2024-04-23 18:15:00,4.25,17030,United Kingdom
536432,21931,JUMBO STORAGE BAG SUKI,10,2024-01-28 12:45:00,1.95,17015,United Kingdom
536439,84879,ASSORTED COLOUR BIRD ORNAMENT,2,2024-02-17 09:30:00,1.69,17017,EIRE
536618,22383,LUNCH BAG SUKI DESIGN,12,2024-01-30 12:15:00,1.65,17062,United Kingdom
536448,22752,SET 7 BABUSHKA NESTING BOXES,12,2024-10-05 14:45:00,7.65,17019,United Kingdom
536540,22752,SET 7 BABUSHKA NESTING BOXES,9,2024-01-10 09:15:00,7.65,17044,United Kingdom
536482,84029G,KNITTED UNION FLAG HOT WATER BOTTLE,7,2024-10-17 15:45:00,3.39,17030,United Kingdom
536422,21212,PACK OF 72 RETROSPOT CAKE CASES,2,2024-10-16 12:45:00,0.55,17012,United Kingdom
536385,84969,BOX OF 6 ASSORTED COLOUR TEASPOONS,1,2024-10-30 18:30:00,4.25,17005,United Kingdom
536458,22086,PAPER CHAIN KIT 50'S CHRISTMAS,12,2024-07-27 14:30:00,2.55,17022,United Kingdom
536481,85123A,WHITE HANGING HEART T-LIGHT HOLDER,6,2024-04-23 18:15:00,2.55,17030,United Kingdom
536487,22749,FELTCRAFT PRINCESS CHARLOTTE DOLL,5,2024-08-09 17:00:00,3.75,17032,EIRE
536544,22178,VICTORIAN GLASS HANGING T-LIGHT,7,2024-06-07 13:45:00,1.25,17046,United Kingdom
536407,22086,PAPER CHAIN KIT 50'S CHRISTMAS,11,2024-05-26 15:45:00,2.55,17009,United Kingdom
536434,22910,PAPER CHAIN KIT VINTAGE CHRISTMAS,9,2024-07-11 09:30:00,2.95,17016,United Kingdom
536407,22467,GUMBALL COAT RACK,5,2024-05-26 15:45:00,2.55,17009,United Kingdom
536494,21034,REX CASH+CARRY JUMBO SHOPPER,12,2024-03-06 13:30:00,0.95,17034,Netherlands
536470,85099B,JUMBO BAG RED RETROSPOT,4,2024-07-03 11:30:00,1.95,17027,Germany
536586,47566,PARTY BUNTING,4,2024-04-28 18:30:00,4.65,17055,United Kingdom
536512,22467,GUMBALL COAT RACK,1,2024-03-09 17:30:00,2.55,17037,United Kingdom
536383,22174,PHOTO CUBE,12,2024-08-17 14:30:00,2.10,17004,United Kingdom
536487,22174,PHOTO CUBE,2,2024-08-09 17:00:00,2.10,17032,EIRE
536515,84879,ASSORTED COLOUR BIRD ORNAMENT,11,2024-05-27 13:45:00,1.69,17038,United Kingdom
536443,21777,RECIPE BOX WITH METAL HEART,11,2024-10-13 14:15:00,7.95,17018,France
536496,22748,POPPY'S PLAYHOUSE KITCHEN,3,2024-10-27 13:00:00,2.10,17034,Netherlands
536425,22910,PAPER CHAIN KIT VINTAGE CHRISTMAS,5,2024-03-28 18:00:00,2.95,17013,Germany
536681,22960,JAM MAKING SET WITH JARS,9,2024-10-05 17:45:00,4.25,17079,United Kingdom
536417,23203,JUMBO BAG VINTAGE DOILY,8,2024-04-28 16:45:00,2.08,17011,United Kingdom
536662,22383,LUNCH BAG SUKI DESIGN,6,2024-06-24 15:00:00,1.65,17074,United Kingdom
536630,21212,PACK OF 72 RETROSPOT CAKE CASES,10,2024-09-19 17:00:00,0.55,17067,United Kingdom
536415,22623,BOX OF VINTAGE JIGSAW BLOCKS,11,2024-10-19 14:00:00,4.95,17011,United Kingdom
536519,71053,WHITE METAL LANTERN,5,2024-06-21 09:00:00,3.39,17039,Spain
536492,21777,RECIPE BOX WITH METAL HEART,11,2024-11-08 11:45:00,7.95,17033,United Kingdom
536540,22383,LUNCH BAG SUKI DESIGN,7,2024-01-10 09:15:00,1.65,17044,United Kingdom
536437,22960,JAM MAKING SET WITH JARS,6,2024-02-19 11:30:00,4.25,17017,EIRE
536586,22748,POPPY'S PLAYHOUSE KITCHEN,4,2024-04-28 18:30:00,2.10,17055,United Kingdom
536483,22745,POPPY'S PLAYHOUSE BEDROOM,1,2024-02-23 09:30:00,2.10,17031,United Kingdom
536623,22910,PAPER CHAIN KIT VINTAGE CHRISTMAS,1,2024-10-23 11:30:00,2.95,17064,United Kingdom
536456,21754,HOME BUILDING BLOCK WORD,3,2024-11-01 14:00:00,5.95,17021,United Kingdom
536554,22467,GUMBALL COAT RACK,7,2024-09-26 13:30:00,2.55,17048,United Kingdom
536487,22633,HAND WARMER UNION JACK,1,2024-08-09 17:00:00,1.85,17032,EIRE
536452,22748,POPPY'S PLAYHOUSE KITCHEN,10,2024-05-02 14:30:00,2.10,17020,United Kingdom
536566,22748,POPPY'S PLAYHOUSE KITCHEN,5,2024-09-13 14:30:00,2.10,17051,United Kingdom
536453,22748,POPPY'S PLAYHOUSE KITCHEN,7,2024-03-26 11:30:00,2.10,17020,United Kingdom
536570,85099B,JUMBO BAG RED RETROSPOT,5,2024-09-27 11:45:00,1.95,17051,United Kingdom
536464,85123A,WHITE HANGING HEART T-LIGHT HOLDER,10,2024-03-31 16:30:00,2.55,17024,United Kingdom
536634,84991,60 TEATIME FAIRY CAKE CASES,12,2024-05-19 17:30:00,0.55,17067,United Kingdom
536486,22174,PHOTO CUBE,8,2024-04-19 18:15:00,2.10,17032,EIRE
536612,22174,PHOTO CUBE,1,2024-08-15 14:15:00,2.10,17061,United Kingdom
536515,85099B,JUMBO BAG RED RETROSPOT,7,2024-05-27 13:45:00,1.95,17038,United Kingdom
536526,84969,BOX OF 6 ASSORTED COLOUR TEASPOONS,1,2024-07-24 11:30:00,4.25,17040,United Kingdom
536385,22622,BOX OF VINTAGE ALPHABET BLOCKS,8,2024-10-30 18:30:00,9.95,17005,United Kingdom
536584,22910,PAPER CHAIN KIT VINTAGE CHRISTMAS,6,2024-10-09 18:30:00,2.95,17055,United Kingdom
536618,85099B,JUMBO BAG RED RETROSPOT,8,2024-01-30 12:15:00,1.95,17062,United Kingdom
536393,22910,PAPER CHAIN KIT VINTAGE CHRISTMAS,4,2024-03-06 11:30:00,2.95,17007,United Kingdom
536616,22086,PAPER CHAIN KIT 50'S CHRISTMAS,12,2024-02-02 17:45:00,2.55,17062,United Kingdom
536392,85099B,JUMBO BAG RED RETROSPOT,4,2024-01-23 12:15:00,1.95,17006,United Kingdom
536597,84879,ASSORTED COLOUR BIRD ORNAMENT,5,2024-05-03 10:45:00,1.69,17057,United Kingdom
536480,22749,FELTCRAFT PRINCESS CHARLOTTE DOLL,5,2024-05-02 13:00:00,3.75,17029,Spain
536527,21777,RECIPE BOX WITH METAL HEART,9,2024-06-09 10:45:00,7.95,17041,Germany
536451,22622,BOX OF VINTAGE ALPHABET BLOCKS,3,2024-06-14 15:45:00,9.95,17020,United Kingdom
536379,22174,PHOTO CUBE,1,2024-06-09 10:15:00,2.10,17003,France
536442,21034,REX CASH+CARRY JUMBO SHOPPER,6,2024-05-16 09:30:00,0.95,17018,France
536653,22310,IVORY KNITTED MUG COSY,12,2024-06-04 11:00:00,1.65,17072,Netherlands
536608,22910,PAPER CHAIN KIT VINTAGE CHRISTMAS,6,2024-03-02 16:15:00,2.95,17060,United Kingdom
536516,22086,PAPER CHAIN KIT 50'S CHRISTMAS,6,2024-01-17 15:30:00,2.55,17039,Spain
536387,84991,60 TEATIME FAIRY CAKE CASES,3,2024-08-23 11:45:00,0.55,17005,United Kingdom
536537,22910,PAPER CHAIN KIT VINTAGE CHRISTMAS,9,2024-05-19 17:15:00,2.95,17043,United Kingdom
536568,22745,POPPY'S PLAYHOUSE BEDROOM,9,2024-06-12 16:00:00,2.10,17051,United Kingdom
536488,22632,HAND WARMER RED POLKA DOT,9,2024-04-30 17:15:00,1.85,17032,EIRE
536588,21755,LOVE BUILDING BLOCK WORD,9,2024-10-28 13:45:00,5.95,17056,Netherlands
536452,22632,HAND WARMER RED POLKA DOT,10,2024-05-02 14:30:00,1.85,17020,United Kingdom
536412,22632,HAND WARMER RED POLKA DOT,12,2024-05-17 16:30:00,1.85,17010,United Kingdom
536463,84991,60 TEATIME FAIRY CAKE CASES,4,2024-02-22 18:15:00,0.55,17024,United Kingdom
536507,22633,HAND WARMER UNION JACK,7,2024-01-09 09:00:00,1.85,17037,United Kingdom
536505,47566,PARTY BUNTING,12,2024-03-07 16:00:00,4.65,17036,United Kingdom
536463,84406B,CREAM CUPID HEARTS COAT HANGER,9,2024-02-22 18:15:00,2.75,17024,United Kingdom
536624,22086,PAPER CHAIN KIT 50'S CHRISTMAS,12,2024-08-06 15:30:00,2.55,17064,United Kingdom
536395,22174,PHOTO CUBE,12,2024-08-14 14:00:00,2.10,17007,United Kingdom
536503,21931,JUMBO STORAGE BAG SUKI,9,2024-06-18 11:45:00,1.95,17036,United Kingdom
536395,22623,BOX OF VINTAGE JIGSAW BLOCKS,8,2024-08-14 14:00:00,4.95,17007,United Kingdom
536527,22748,POPPY'S PLAYHOUSE KITCHEN,7,2024-06-09 10:45:00,2.10,17041,Germany
536459,22633,HAND WARMER UNION JACK,8,2024-06-28 17:45:00,1.85,17022,United Kingdom
536476,22910,PAPER CHAIN KIT VINTAGE CHRISTMAS,2,2024-05-04 15:15:00,2.95,17028,United Kingdom
536527,22632,HAND WARMER RED POLKA DOT,2,2024-06-09 10:45:00,1.85,17041,Germany
536622,22086,PAPER CHAIN KIT 50'S CHRISTMAS,3,2024-07-21 17:15:00,2.55,17064,United Kingdom
536458,84406B,CREAM CUPID HEARTS COAT HANGER,7,2024-07-27 14:30:00,2.75,17022,United Kingdom
536372,22752,SET 7 BABUSHKA NESTING BOXES,8,2024-03-26 14:15:00,7.65,17001,France
536531,22632,HAND WARMER RED POLKA DOT,3,2024-12-03 10:15:00,1.85,17041,Germany
536644,22086,PAPER CHAIN KIT 50'S CHRISTMAS,2,2024-10-07 10:45:00,2.55,17070,EIRE
536542,21977,PACK OF 60 PINK PAISLEY CAKE CASES,5,2024-11-22 09:00:00,0.55,17045,United Kingdom
536443,20725,LUNCH BAG RED RETROSPOT,1,2024-10-13 14:15:00,1.65,17018,France
536484,22748,POPPY'S PLAYHOUSE KITCHEN,10,2024-02-20 17:15:00,2.10,17031,United Kingdom
536510,22623,BOX OF VINTAGE JIGSAW BLOCKS,12,2024-09-30 15:30:00,4.95,17037,United Kingdom
536526,22310,IVORY KNITTED MUG COSY,7,2024-07-24 11:30:00,1.65,17040,United Kingdom
536484,22749,FELTCRAFT PRINCESS CHARLOTTE DOLL,4,2024-02-20 17:15:00,3.75,17031,United Kingdom
536644,22749,FELTCRAFT PRINCESS CHARLOTTE DOLL,8,2024-10-07 10:45:00,3.75,17070,EIRE
536376,22633,HAND WARMER UNION JACK,10,2024-01-09 15:30:00,1.85,17003,France
536651,22086,PAPER CHAIN KIT 50'S CHRISTMAS,1,2024-12-01 15:45:00,2.55,17071,United Kingdom
536517,22174,PHOTO CUBE,3,2024-05-06 11:00:00,2.10,17039,Spain
536372,47566,PARTY BUNTING,3,2024-03-26 14:15:00,4.65,17001,France
536412,84879,ASSORTED COLOUR BIRD ORNAMENT,11,2024-05-17 16:30:00,1.69,17010,United Kingdom
536463,21730,GLASS STAR FROSTED T-LIGHT HOLDER,8,2024-02-22 18:15:00,4.25,17024,United Kingdom
536398,84879,ASSORTED COLOUR BIRD ORNAMENT,1,2024-10-15 14:30:00,1.69,17007,United Kingdom
536453,22633,HAND WARMER UNION JACK,4,2024-03-26 11:30:00,1.85,17020,United Kingdom
536626,22622,BOX OF VINTAGE ALPHABET BLOCKS,1,2024-08-19 18:45:00,9.95,17065,Spain
536669,20727,LUNCH BAG BLACK SKULL,3,2024-01-27 18:15:00,1.65,17076,United Kingdom
536532,84991,60 TEATIME FAIRY CAKE CASES,6,2024-07-10 12:30:00,0.55,17042,United Kingdom
536632,84969,BOX OF 6 ASSORTED COLOUR TEASPOONS,7,2024-07-10 09:00:00,4.25,17067,United Kingdom
536432,20725,LUNCH BAG RED RETROSPOT,11,2024-01-28 12:45:00,1.65,17015,United Kingdom
536436,84879,ASSORTED COLOUR BIRD ORNAMENT,2,2024-10-04 15:15:00,1.69,17017,EIRE
536435,22086,PAPER CHAIN KIT 50'S CHRISTMAS,4,2024-06-28 18:15:00,2.55,17016,United Kingdom
536556,22622,BOX OF VINTAGE ALPHABET BLOCKS,1,2024-04-21 17:00:00,9.95,17049,United Kingdom
536648,47566,PARTY BUNTING,1,2024-06-05 15:45:00,4.65,17071,United Kingdom
536482,71053,WHITE METAL LANTERN,3,2024-10-17 15:45:00,3.39,17030,United Kingdom
536468,47566,PARTY BUNTING,7,2024-10-20 16:30:00,4.65,17026,Spain
536464,21754,HOME BUILDING BLOCK WORD,10,2024-03-31 16:30:00,5.95,17024,United Kingdom
536596,22622,BOX OF VINTAGE ALPHABET BLOCKS,8,2024-05-26 17:45:00,9.95,17057,United Kingdom
536656,22752,SET 7 BABUSHKA NESTING BOXES,8,2024-10-06 12:45:00,7.65,17072,Netherlands
536474,22174,PHOTO CUBE,8,2024-04-14 09:30:00,2.10,17027,Germany
536463,85123A,WHITE HANGING HEART T-LIGHT HOLDER,6,2024-02-22 18:15:00,2.55,17024,United Kingdom
536540,20725,LUNCH BAG RED RETROSPOT,9,2024-01-10 09:15:00,1.65,17044,United Kingdom
536572,22383,LUNCH BAG SUKI DESIGN,2,2024-07-06 14:45:00,1.65,17052,France
536656,21754,HOME BUILDING BLOCK WORD,10,2024-10-06 12:45:00,5.95,17072,Netherlands
536465,22467,GUMBALL COAT RACK,6,2024-02-08 10:45:00,2.55,17025,United Kingdom
536635,21034,REX CASH+CARRY JUMBO SHOPPER,1,2024-11-23 10:15:00,0.95,17068,United Kingdom
536636,22748,POPPY'S PLAYHOUSE KITCHEN,7,2024-04-06 12:30:00,2.10,17068,United Kingdom
537003,22960,JAM MAKING SET WITH JARS,4,2024-03-06 12:30:00,0.00,17010,France
536589,47566,PARTY BUNTING,8,2024-07-03 15:15:00,4.65,17056,Netherlands
536374,47566,PARTY BUNTING,4,2024-05-29 16:15:00,4.65,17002,United Kingdom
536384,21977,PACK OF 60 PINK PAISLEY CAKE CASES,5,2024-08-01 13:15:00,0.55,17005,United Kingdom
536458,84879,ASSORTED COLOUR BIRD ORNAMENT,10,2024-07-27 14:30:00,1.69,17022,United Kingdom
536448,71053,WHITE METAL LANTERN,10,2024-10-05 14:45:00,3.39,17019,United Kingdom
536466,71053,WHITE METAL LANTERN,4,2024-10-15 16:15:00,3.39,17025,United Kingdom
536537,22745,POPPY'S PLAYHOUSE BEDROOM,5,2024-05-19 17:15:00,2.10,17043,United Kingdom
536473,22622,BOX OF VINTAGE ALPHABET BLOCKS,9,2024-07-21 17:30:00,9.95,17027,Germany
536531,85123A,WHITE HANGING HEART T-LIGHT HOLDER,1,2024-12-03 10:15:00,2.55,17041,Germany
536505,22086,PAPER CHAIN KIT 50'S CHRISTMAS,6,2024-03-07 16:00:00,2.55,17036,United Kingdom
536441,22178,VICTORIAN GLASS HANGING T-LIGHT,1,2024-08-14 09:30:00,1.25,17017,EIRE
537004,POST,POSTAGE,1,2024-03-06 12:31:00,18.00,17010,France
536382,22633,HAND WARMER UNION JACK,2,2024-10-08 14:00:00,1.85,17004,United Kingdom
536508,22748,POPPY'S PLAYHOUSE KITCHEN,4,2024-06-19 13:00:00,2.10,17037,United Kingdom
536409,22632,HAND WARMER RED POLKA DOT,7,2024-11-05 14:00:00,1.85,17010,United Kingdom
536524,84991,60 TEATIME FAIRY CAKE CASES,3,2024-03-26 09:30:00,0.55,17040,United Kingdom
536581,21034,REX CASH+CARRY JUMBO SHOPPER,4,2024-07-31 14:00:00,0.95,17053,United Kingdom
536497,22623,BOX OF VINTAGE JIGSAW BLOCKS,11,2024-06-20 12:45:00,4.95,17034,Netherlands
536527,21730,GLASS STAR FROSTED T-LIGHT HOLDER,2,2024-06-09 10:45:00,4.25,17041,Germany
536517,22745,POPPY'S PLAYHOUSE BEDROOM,3,2024-05-06 11:00:00,2.10,17039,Spain
536597,48187,DOORMAT NEW ENGLAND,8,2024-05-03 10:45:00,7.95,17057,United Kingdom
536559,21931,JUMBO STORAGE BAG SUKI,6,2024-06-18 17:15:00,1.95,17049,United Kingdom
536567,22748,POPPY'S PLAYHOUSE KITCHEN,8,2024-11-02 11:30:00,2.10,17051,United Kingdom
536553,71053,WHITE METAL LANTERN,3,2024-03-16 16:00:00,3.39,17048,United Kingdom
536680,48187,DOORMAT NEW ENGLAND,11,2024-12-03 09:30:00,7.95,17079,United Kingdom
536605,22086,PAPER CHAIN KIT 50'S CHRISTMAS,12,2024-06-18 17:30:00,2.55,17059,France
536502,47566,PARTY BUNTING,6,2024-05-28 10:15:00,4.65,17036,United Kingdom
536684,22910,PAPER CHAIN KIT VINTAGE CHRISTMAS,11,2024-10-13 17:30:00,2.95,17079,United Kingdom
536663,22632,HAND WARMER RED POLKA DOT,6,2024-10-17 09:45:00,1.85,17075,United Kingdom
536637,23203,JUMBO BAG VINTAGE DOILY,2,2024-06-09 18:30:00,2.08,17068,United Kingdom
536630,22632,HAND WARMER RED POLKA DOT,1,2024-09-19 17:00:00,1.85,17067,United Kingdom
536593,22749,FELTCRAFT PRINCESS CHARLOTTE DOLL,11,2024-09-13 16:00:00,3.75,17057,United Kingdom
536411,22632,HAND WARMER RED POLKA DOT,8,2024-04-09 11:15:00,1.85,17010,United Kingdom
536571,22623,BOX OF VINTAGE JIGSAW BLOCKS,2,2024-01-29 12:30:00,4.95,17051,United Kingdom
536628,21777,RECIPE BOX WITH METAL HEART,1,2024-04-08 16:15:00,7.95,17066,France
536672,22632,HAND WARMER RED POLKA DOT,4,2024-11-15 16:15:00,1.85,17077,EIRE
536673,22632,HAND WARMER RED POLKA DOT,10,2024-11-29 18:15:00,1.85,17077,EIRE
536659,85123A,WHITE HANGING HEART T-LIGHT HOLDER,8,2024-08-13 14:30:00,2.55,17073,United Kingdom
536375,47566,PARTY BUNTING,4,2024-03-19 15:15:00,4.65,17002,United Kingdom
536493,22960,JAM MAKING SET WITH JARS,10,2024-04-02 10:00:00,4.25,17034,Netherlands
536489,22748,POPPY'S PLAYHOUSE KITCHEN,1,2024-02-11 13:00:00,2.10,17033,United Kingdom
536473,22745,POPPY'S PLAYHOUSE BEDROOM,2,2024-07-21 17:30:00,2.10,17027,Germany
536457,21754,HOME BUILDING BLOCK WORD,9,2024-07-13 15:30:00,5.95,17021,United Kingdom
536490,22913,RED COAT RACK PARIS FASHION,10,2024-04-22 13:00:00,4.95,17033,United Kingdom
536474,22633,HAND WARMER UNION JACK,10,2024-04-14 09:30:00,1.85,17027,Germany
536627,22622,BOX OF VINTAGE ALPHABET BLOCKS,12,2024-08-20 15:30:00,9.95,17065,Spain
536486,84991,60 TEATIME FAIRY CAKE CASES,9,2024-04-19 18:15:00,0.55,17032,EIRE
536374,22633,HAND WARMER UNION JACK,8,2024-05-29 16:15:00,1.85,17002,United Kingdom
536371,48187,DOORMAT NEW ENGLAND,10,2024-03-05 13:45:00,7.95,17001,France
C537001,85123A,WHITE HANGING HEART T-LIGHT HOLDER,-3,2024-03-04 10:15:00,2.55,17004,United Kingdom
536518,22623,BOX OF VINTAGE JIGSAW BLOCKS,4,2024-05-08 18:30:00,4.95,17039,Spain
536464,22623,BOX OF VINTAGE JIGSAW BLOCKS,6,2024-03-31 16:30:00,4.95,17024,United Kingdom
536653,85123A,WHITE HANGING HEART T-LIGHT HOLDER,10,2024-06-04 11:00:00,2.55,17072,Netherlands
536441,84969,BOX OF 6 ASSORTED COLOUR TEASPOONS,9,2024-08-14 09:30:00,4.25,17017,EIRE
536612,84879,ASSORTED COLOUR BIRD ORNAMENT,9,2024-08-15 14:15:00,1.69,17061,United Kingdom
536503,22910,PAPER CHAIN KIT VINTAGE CHRISTMAS,10,2024-06-18 11:45:00,2.95,17036,United Kingdom
536577,21034,REX CASH+CARRY JUMBO SHOPPER,10,2024-03-14 18:00:00,0.95,17053,United Kingdom
536550,22910,PAPER CHAIN KIT VINTAGE CHRISTMAS,5,2024-02-29 15:45:00,2.95,17047,United Kingdom
536451,22910,PAPER CHAIN KIT VINTAGE CHRISTMAS,9,2024-06-14 15:45:00,2.95,17020,United Kingdom
536422,22174,PHOTO CUBE,2,2024-10-16 12:45:00,2.10,17012,United Kingdom
536605,84991,60 TEATIME FAIRY CAKE CASES,8,2024-06-18 17:30:00,0.55,17059,France
536504,22910,PAPER CHAIN KIT VINTAGE CHRISTMAS,2,2024-03-26 13:00:00,2.95,17036,United Kingdom
536604,47566,PARTY BUNTING,4,2024-11-19 14:00:00,4.65,17059,France
536549,22910,PAPER CHAIN KIT VINTAGE CHRISTMAS,1,2024-10-15 15:45:00,2.95,17047,United Kingdom
536644,21777,RECIPE BOX WITH METAL HEART,1,2024-10-07 10:45:00,7.95,17070,EIRE
536625,22745,POPPY'S PLAYHOUSE BEDROOM,2,2024-07-24 16:45:00,2.10,17065,Spain
536540,47566,PARTY BUNTING,8,2024-01-10 09:15:00,4.65,17044,United Kingdom
536539,20727,LUNCH BAG BLACK SKULL,8,2024-08-26 13:15:00,1.65,17044,United Kingdom
536453,22749,FELTCRAFT PRINCESS CHARLOTTE DOLL,8,2024-03-26 11:30:00,3.75,17020,United Kingdom
536408,21755,LOVE BUILDING BLOCK WORD,7,2024-03-24 16:45:00,5.95,17009,United Kingdom
536657,22745,POPPY'S PLAYHOUSE BEDROOM,10,2024-04-09 14:00:00,2.10,17073,United Kingdom
536594,21931,JUMBO STORAGE BAG SUKI,2,2024-05-25 16:30:00,1.95,17057,United Kingdom
536535,22310,IVORY KNITTED MUG COSY,8,2024-05-28 13:30:00,1.65,17043,United Kingdom
536474,22745,POPPY'S PLAYHOUSE BEDROOM,12,2024-04-14 09:30:00,2.10,17027,Germany
536594,84406B,CREAM CUPID HEARTS COAT HANGER,10,2024-05-25 16:30:00,2.75,17057,United Kingdom
536373,84879,ASSORTED COLOUR BIRD ORNAMENT,4,2024-06-15 15:30:00,1.69,17002,United Kingdom
536553,22752,SET 7 BABUSHKA NESTING BOXES,12,2024-03-16 16:00:00,7.65,17048,United Kingdom
536506,22086,PAPER CHAIN KIT 50'S CHRISTMAS,5,2024-05-24 10:00:00,2.55,17036,United Kingdom
536617,22086,PAPER CHAIN KIT 50'S CHRISTMAS,8,2024-05-11 10:30:00,2.55,17062,United Kingdom
536668,21931,JUMBO STORAGE BAG SUKI,10,2024-01-28 11:00:00,1.95,17076,United Kingdom
536573,22910,PAPER CHAIN KIT VINTAGE CHRISTMAS,9,2024-09-10 16:45:00,2.95,17052,France
536614,47566,PARTY BUNTING,4,2024-10-25 12:00:00,4.65,17062,United Kingdom
536374,22960,JAM MAKING SET WITH JARS,4,2024-05-29 16:15:00,4.25,17002,United Kingdom
536402,84879,ASSORTED COLOUR BIRD ORNAMENT,1,2024-04-01 13:30:00,1.69,17008,United Kingdom
536540,22745,POPPY'S PLAYHOUSE BEDROOM,6,2024-01-10 09:15:00,2.10,17044,United Kingdom
536431,22910,PAPER CHAIN KIT VINTAGE CHRISTMAS,11,2024-11-17 18:45:00,2.95,17015,United Kingdom
536506,48187,DOORMAT NEW ENGLAND,3,2024-05-24 10:00:00,7.95,17036,United Kingdom
536674,84969,BOX OF 6 ASSORTED COLOUR TEASPOONS,8,2024-01-28 16:00:00,4.25,17077,EIRE
536437,22174,PHOTO CUBE,1,2024-02-19 11:30:00,2.10,17017,EIRE
536585,47566,PARTY BUNTING,6,2024-05-21 12:30:00,4.65,17055,United Kingdom
536643,22745,POPPY'S PLAYHOUSE BEDROOM,7,2024-08-22 09:15:00,2.10,17069,United Kingdom
536492,22310,IVORY KNITTED MUG COSY,8,2024-11-08 11:45:00,1.65,17033,United Kingdom
536406,22961,JAM MAKING SET PRINTED,12,2024-08-03 10:15:00,1.45,17009,United Kingdom
536584,23203,JUMBO BAG VINTAGE DOILY,9,2024-10-09 18:30:00,2.08,17055,United Kingdom
536509,22748,POPPY'S PLAYHOUSE KITCHEN,2,2024-11-05 16:15:00,2.10,17037,United Kingdom
536501,47566,PARTY BUNTING,3,2024-01-12 18:15:00,4.65,17036,United Kingdom
536481,22467,GUMBALL COAT RACK,1,2024-04-23 18:15:00,2.55,17030,United Kingdom
536534,22913,RED COAT RACK PARIS FASHION,6,2024-05-16 12:45:00,4.95,17043,United Kingdom
536551,22910,PAPER CHAIN KIT VINTAGE CHRISTMAS,11,2024-10-21 12:45:00,2.95,17047,United Kingdom
536594,22745,POPPY'S PLAYHOUSE BEDROOM,11,2024-05-25 16:30:00,2.10,17057,United Kingdom
536468,22623,BOX OF VINTAGE JIGSAW BLOCKS,7,2024-10-20 16:30:00,4.95,17026,Spain
536480,20727,LUNCH BAG BLACK SKULL,2,2024-05-02 13:00:00,1.65,17029,Spain
536545,22748,POPPY'S PLAYHOUSE KITCHEN,12,2024-03-07 10:00:00,2.10,17046,United Kingdom
536645,20725,LUNCH BAG RED RETROSPOT,2,2024-07-05 16:45:00,1.65,17070,EIRE
536444,21977,PACK OF 60 PINK PAISLEY CAKE CASES,8,2024-02-01 14:30:00,0.55,17018,France
536628,71053,WHITE METAL LANTERN,9,2024-04-08 16:15:00,3.39,17066,France
536529,22633,HAND WARMER UNION JACK,12,2024-11-14 16:00:00,1.85,17041,Germany
536583,84029G,KNITTED UNION FLAG HOT WATER BOTTLE,2,2024-07-28 15:15:00,3.39,17054,United Kingdom
536565,22910,PAPER CHAIN KIT VINTAGE CHRISTMAS,5,2024-03-11 09:00:00,2.95,17050,United Kingdom
536582,21034,REX CASH+CARRY JUMBO SHOPPER,11,2024-07-22 15:30:00,0.95,17054,United Kingdom
536675,22423,REGENCY CAKESTAND 3 TIER,6,2024-03-18 15:15:00,12.75,17078,EIRE
536506,47566,PARTY BUNTING,2,2024-05-24 10:00:00,4.65,17036,United Kingdom
536614,21034,REX CASH+CARRY JUMBO SHOPPER,12,2024-10-25 12:00:00,0.95,17062,United Kingdom
536620,22622,BOX OF VINTAGE ALPHABET BLOCKS,11,2024-09-24 10:30:00,9.95,17063,United Kingdom
536432,21730,GLASS STAR FROSTED T-LIGHT HOLDER,5,2024-01-28 12:45:00,4.25,17015,United Kingdom
536400,22749,FELTCRAFT PRINCESS CHARLOTTE DOLL,2,2024-11-08 18:15:00,3.75,17008,United Kingdom
536480,22633,HAND WARMER UNION JACK,10,2024-05-02 13:00:00,1.85,17029,Spain
536532,22423,REGENCY CAKESTAND 3 TIER,5,2024-07-10 12:30:00,12.75,17042,United Kingdom
536422,22623,BOX OF VINTAGE JIGSAW BLOCKS,2,2024-10-16 12:45:00,4.95,17012,United Kingdom
536463,22748,POPPY'S PLAYHOUSE KITCHEN,5,2024-02-22 18:15:00,2.10,17024,United Kingdom
536421,22174,PHOTO CUBE,11,2024-08-22 10:00:00,2.10,17012,United Kingdom
536469,22423,REGENCY CAKESTAND 3 TIER,9,2024-03-16 14:00:00,12.75,17026,Spain
536385,22748,POPPY'S PLAYHOUSE KITCHEN,1,2024-10-30 18:30:00,2.10,17005,United Kingdom
536412,84969,BOX OF 6 ASSORTED COLOUR TEASPOONS,1,2024-05-17 16:30:00,4.25,17010,United Kingdom
536575,22910,PAPER CHAIN KIT VINTAGE CHRISTMAS,12,2024-11-13 16:45:00,2.95,17052,France
536651,21212,PACK OF 72 RETROSPOT CAKE CASES,1,2024-12-01 15:45:00,0.55,17071,United Kingdom
536531,22910,PAPER CHAIN KIT VINTAGE CHRISTMAS,4,2024-12-03 10:15:00,2.95,17041,Germany
536559,23203,JUMBO BAG VINTAGE DOILY,6,2024-06-18 17:15:00,2.08,17049,United Kingdom
536480,20725,LUNCH BAG RED RETROSPOT,11,2024-05-02 13:00:00,1.65,17029,Spain
536478,47566,PARTY BUNTING,1,2024-11-18 16:45:00,4.65,17028,United Kingdom
536404,21977,PACK OF 60 PINK PAISLEY CAKE CASES,5,2024-09-17 13:45:00,0.55,17009,United Kingdom
536399,22633,HAND WARMER UNION JACK,10,2024-02-29 09:30:00,1.85,17008,United Kingdom
536389,85099B,JUMBO BAG RED RETROSPOT,10,2024-04-29 16:15:00,1.95,17006,United Kingdom
536553,48187,DOORMAT NEW ENGLAND,7,2024-03-16 16:00:00,7.95,17048,United Kingdom
536548,22622,BOX OF VINTAGE ALPHABET BLOCKS,6,2024-09-29 17:00:00,9.95,17046,United Kingdom
536639,22383,LUNCH BAG SUKI DESIGN,4,2024-04-06 10:30:00,1.65,17068,United Kingdom
536488,84879,ASSORTED COLOUR BIRD ORNAMENT,6,2024-04-30 17:15:00,1.69,17032,EIRE
536479,20727,LUNCH BAG BLACK SKULL,10,2024-10-02 11:15:00,1.65,17029,Spain
536396,22910,PAPER CHAIN KIT VINTAGE CHRISTMAS,9,2024-05-12 10:30:00,2.95,17007,United Kingdom
536552,85123A,WHITE HANGING HEART T-LIGHT HOLDER,9,2024-11-27 13:30:00,2.55,17048,United Kingdom
536504,22086,PAPER CHAIN KIT 50'S CHRISTMAS,4,2024-03-26 13:00:00,2.55,17036,United Kingdom
536553,22960,JAM MAKING SET WITH JARS,3,2024-03-16 16:00:00,4.25,17048,United Kingdom
536672,22310,IVORY KNITTED MUG COSY,3,2024-11-15 16:15:00,1.65,17077,EIRE
536415,22622,BOX OF VINTAGE ALPHABET BLOCKS,4,2024-10-19 14:00:00,9.95,17011,United Kingdom
536471,22623,BOX OF VINTAGE JIGSAW BLOCKS,5,2024-11-07 09:45:00,4.95,17027,Germany
536554,84029G,KNITTED UNION FLAG HOT WATER BOTTLE,12,2024-09-26 13:30:00,3.39,17048,United Kingdom
536499,71053,WHITE METAL LANTERN,7,2024-04-20 11:30:00,3.39,17035,United Kingdom
536645,21754,HOME BUILDING BLOCK WORD,11,2024-07-05 16:45:00,5.95,17070,EIRE
536386,84991,60 TEATIME FAIRY CAKE CASES,10,2024-02-14 16:45:00,0.55,17005,United Kingdom
536655,85123A,WHITE HANGING HEART T-LIGHT HOLDER,8,2024-05-08 16:15:00,2.55,17072,Netherlands
536486,23203,JUMBO BAG VINTAGE DOILY,10,2024-04-19 18:15:00,2.08,17032,EIRE
536450,22623,BOX OF VINTAGE JIGSAW BLOCKS,10,2024-09-24 12:00:00,4.95,17020,United Kingdom
536606,22960,JAM MAKING SET WITH JARS,5,2024-08-25 13:30:00,4.25,17060,United Kingdom
536664,22622,BOX OF VINTAGE ALPHABET BLOCKS,12,2024-01-29 15:00:00,9.95,17075,United Kingdom
536430,22086,PAPER CHAIN KIT 50'S CHRISTMAS,8,2024-02-15 11:45:00,2.55,17014,France
536489,22749,FELTCRAFT PRINCESS CHARLOTTE DOLL,12,2024-02-11 13:00:00,3.75,17033,United Kingdom
536556,22383,LUNCH BAG SUKI DESIGN,7,2024-04-21 17:00:00,1.65,17049,United Kingdom
536641,22910,PAPER CHAIN KIT VINTAGE CHRISTMAS,2,2024-11-30 12:30:00,2.95,17069,United Kingdom
536572,21777,RECIPE BOX WITH METAL HEART,12,2024-07-06 14:45:00,7.95,17052,France
536667,21034,REX CASH+CARRY JUMBO SHOPPER,4,2024-10-28 17:15:00,0.95,17076,United Kingdom
536492,22622,BOX OF VINTAGE ALPHABET BLOCKS,11,2024-11-08 11:45:00,9.95,17033,United Kingdom
536448,21755,LOVE BUILDING BLOCK WORD,4,2024-10-05 14:45:00,5.95,17019,United Kingdom
536475,22086,PAPER CHAIN KIT 50'S CHRISTMAS,4,2024-05-31 15:45:00,2.55,17028,United Kingdom
536399,21755,LOVE BUILDING BLOCK WORD,4,2024-02-29 09:30:00,5.95,17008,United Kingdom
536504,47566,PARTY BUNTING,7,2024-03-26 13:00:00,4.65,17036,United Kingdom
536676,84991,60 TEATIME FAIRY CAKE CASES,11,2024-02-05 17:30:00,0.55,17078,EIRE
536388,20725,LUNCH BAG RED RETROSPOT,10,2024-08-03 14:45:00,1.65,17006,United Kingdom
536377,22633,HAND WARMER UNION JACK,4,2024-05-07 15:00:00,1.85,17003,France
536662,23203,JUMBO BAG VINTAGE DOILY,11,2024-06-24 15:00:00,2.08,17074,United Kingdom
536522,22961,JAM MAKING SET PRINTED,2,2024-08-09 11:45:00,1.45,17040,United Kingdom
536449,21777,RECIPE BOX WITH METAL HEART,12,2024-09-15 12:00:00,7.95,17019,United Kingdom
536562,22086,PAPER CHAIN KIT 50'S CHRISTMAS,7,2024-02-10 12:15:00,2.55,17050,United Kingdom
536468,20727,LUNCH BAG BLACK SKULL,9,2024-10-20 16:30:00,1.65,17026,Spain
536582,47566,PARTY BUNTING,5,2024-07-22 15:30:00,4.65,17054,United Kingdom
536505,22910,PAPER CHAIN KIT VINTAGE CHRISTMAS,3,2024-03-07 16:00:00,2.95,17036,United Kingdom
536403,84879,ASSORTED COLOUR BIRD ORNAMENT,6,2024-05-24 18:00:00,1.69,17008,United Kingdom
536512,85099B,JUMBO BAG RED RETROSPOT,12,2024-03-09 17:30:00,1.95,17037,United Kingdom
536397,22174,PHOTO CUBE,7,2024-02-20 12:45:00,2.10,17007,United Kingdom
536495,22749,FELTCRAFT PRINCESS CHARLOTTE DOLL,5,2024-07-05 18:45:00,3.75,17034,Netherlands
536624,47566,PARTY BUNTING,3,2024-08-06 15:30:00,4.65,17064,United Kingdom
536456,22752,SET 7 BABUSHKA NESTING BOXES,5,2024-11-01 14:00:00,7.65,17021,United Kingdom
536582,22623,BOX OF VINTAGE JIGSAW BLOCKS,2,2024-07-22 15:30:00,4.95,17054,United Kingdom
536398,84029G,KNITTED UNION FLAG HOT WATER BOTTLE,3,2024-10-15 14:30:00,3.39,17007,United Kingdom
536481,71053,WHITE METAL LANTERN,8,2024-04-23 18:15:00,3.39,17030,United Kingdom
536430,22178,VICTORIAN GLASS HANGING T-LIGHT,1,2024-02-15 11:45:00,1.25,17014,France
536510,22748,POPPY'S PLAYHOUSE KITCHEN,12,2024-09-30 15:30:00,2.10,17037,United Kingdom
536613,22632,HAND WARMER RED POLKA DOT,4,2024-09-25 17:15:00,1.85,17061,United Kingdom
536485,84879,ASSORTED COLOUR BIRD ORNAMENT,2,2024-01-11 15:30:00,1.69,17032,EIRE
536474,85099B,JUMBO BAG RED RETROSPOT,12,2024-04-14 09:30:00,1.95,17027,Germany
536467,22310,IVORY KNITTED MUG COSY,3,2024-10-27 17:15:00,1.65,17025,United Kingdom
536666,21212,PACK OF 72 RETROSPOT CAKE CASES,6,2024-11-07 18:15:00,0.55,17076,United Kingdom
536415,22745,POPPY'S PLAYHOUSE BEDROOM,2,2024-10-19 14:00:00,2.10,17011,United Kingdom
536397,20725,LUNCH BAG RED RETROSPOT,9,2024-02-20 12:45:00,1.65,17007,United Kingdom
536553,22467,GUMBALL COAT RACK,8,2024-03-16 16:00:00,2.55,17048,United Kingdom
536489,22623,BOX OF VINTAGE JIGSAW BLOCKS,10,2024-02-11 13:00:00,4.95,17033,United Kingdom
536622,47566,PARTY BUNTING,11,2024-07-21 17:15:00,4.65,17064,United Kingdom
536531,22174,PHOTO CUBE,4,2024-12-03 10:15:00,2.10,17041,Germany
536560,22910,PAPER CHAIN KIT VINTAGE CHRISTMAS,4,2024-09-07 17:00:00,2.95,17050,United Kingdom
536655,22310,IVORY KNITTED MUG COSY,12,2024-05-08 16:15:00,1.65,17072,Netherlands
536498,22310,IVORY KNITTED MUG COSY,7,2024-09-17 13:30:00,1.65,17035,United Kingdom
536563,22910,PAPER CHAIN KIT VINTAGE CHRISTMAS,10,2024-08-02 15:30:00,2.95,17050,United Kingdom
536610,22632,HAND WARMER RED POLKA DOT,11,2024-05-05 17:45:00,1.85,17061,United Kingdom
536508,22622,BOX OF VINTAGE ALPHABET BLOCKS,12,2024-06-19 13:00:00,9.95,17037,United Kingdom
536425,47566,PARTY BUNTING,4,2024-03-28 18:00:00,4.65,17013,Germany
536616,22383,LUNCH BAG SUKI DESIGN,4,2024-02-02 17:45:00,1.65,17062,United Kingdom
536653,22752,SET 7 BABUSHKA NESTING BOXES,3,2024-06-04 11:00:00,7.65,17072,Netherlands
536367,22745,POPPY'S PLAYHOUSE BEDROOM,5,2024-02-26 14:30:00,2.10,17000,United Kingdom
536517,22622,BOX OF VINTAGE ALPHABET BLOCKS,6,2024-05-06 11:00:00,9.95,17039,Spain
536625,22749,FELTCRAFT PRINCESS CHARLOTTE DOLL,3,2024-07-24 16:45:00,3.75,17065,Spain
536413,22632,HAND WARMER RED POLKA DOT,1,2024-07-28 13:00:00,1.85,17010,United Kingdom
536447,22748,POPPY'S PLAYHOUSE KITCHEN,10,2024-11-29 15:30:00,2.10,17019,United Kingdom
536653,22961,JAM MAKING SET PRINTED,10,2024-06-04 11:00:00,1.45,17072,Netherlands
536566,22749,FELTCRAFT PRINCESS CHARLOTTE DOLL,11,2024-09-13 14:30:00,3.75,17051,United Kingdom
536426,47566,PARTY BUNTING,1,2024-03-18 13:30:00,4.65,17013,Germany
536514,21931,JUMBO STORAGE BAG SUKI,4,2024-08-22 11:00:00,1.95,17038,United Kingdom
536370,48187,DOORMAT NEW ENGLAND,5,2024-05-13 17:30:00,7.95,17001,France
536632,21212,PACK OF 72 RETROSPOT CAKE CASES,9,2024-07-10 09:00:00,0.55,17067,United Kingdom
536670,20725,LUNCH BAG RED RETROSPOT,9,2024-01-30 09:30:00,1.65,17076,United Kingdom
536599,22174,PHOTO CUBE,4,2024-08-11 12:30:00,2.10,17058,France
536395,47566,PARTY BUNTING,7,2024-08-14 14:00:00,4.65,17007,United Kingdom
536385,84879,ASSORTED COLOUR BIRD ORNAMENT,10,2024-10-30 18:30:00,1.69,17005,United Kingdom
536527,47566,PARTY BUNTING,12,2024-06-09 10:45:00,4.65,17041,Germany
536508,21730,GLASS STAR FROSTED T-LIGHT HOLDER,10,2024-06-19 13:00:00,4.25,17037,United Kingdom
536434,22086,PAPER CHAIN KIT 50'S CHRISTMAS,12,2024-07-11 09:30:00,2.55,17016,United Kingdom
536537,21730,GLASS STAR FROSTED T-LIGHT HOLDER,2,2024-05-19 17:15:00,4.25,17043,United Kingdom
536571,22745,POPPY'S PLAYHOUSE BEDROOM,11,2024-01-29 12:30:00,2.10,17051,United Kingdom
536587,22310,IVORY KNITTED MUG COSY,1,2024-11-19 14:15:00,1.65,17055,United Kingdom
536507,22748,POPPY'S PLAYHOUSE KITCHEN,6,2024-01-09 09:00:00,2.10,17037,United Kingdom
536681,22310,IVORY KNITTED MUG COSY,3,2024-10-05 17:45:00,1.65,17079,United Kingdom
536410,22632,HAND WARMER RED POLKA DOT,4,2024-09-13 17:00:00,1.85,17010,United Kingdom
536466,21931,JUMBO STORAGE BAG SUKI,9,2024-10-15 16:15:00,1.95,17025,United Kingdom
536642,22086,PAPER CHAIN KIT 50'S CHRISTMAS,10,2024-01-15 18:00:00,2.55,17069,United Kingdom
536656,22749,FELTCRAFT PRINCESS CHARLOTTE DOLL,7,2024-10-06 12:45:00,3.75,17072,Netherlands
536446,22913,RED COAT RACK PARIS FASHION,11,2024-06-12 16:45:00,4.95,17019,United Kingdom
536662,20725,LUNCH BAG RED RETROSPOT,2,2024-06-24 15:00:00,1.65,17074,United Kingdom
536665,85123A,WHITE HANGING HEART T-LIGHT HOLDER,3,2024-01-17 16:00:00,2.55,17075,United Kingdom
536406,22178,VICTORIAN GLASS HANGING T-LIGHT,9,2024-08-03 10:15:00,1.25,17009,United Kingdom
536391,20725,LUNCH BAG RED RETROSPOT,11,2024-05-16 10:45:00,1.65,17006,United Kingdom
536662,20727,LUNCH BAG BLACK SKULL,9,2024-06-24 15:00:00,1.65,17074,United Kingdom
536466,22622,BOX OF VINTAGE ALPHABET BLOCKS,9,2024-10-15 16:15:00,9.95,17025,United Kingdom
536673,47566,PARTY BUNTING,1,2024-11-29 18:15:00,4.65,17077,EIRE
536416,22749,FELTCRAFT PRINCESS CHARLOTTE DOLL,12,2024-11-28 16:30:00,3.75,17011,United Kingdom
536421,22633,HAND WARMER UNION JACK,11,2024-08-22 10:00:00,1.85,17012,United Kingdom
536623,47566,PARTY BUNTING,6,2024-10-23 11:30:00,4.65,17064,United Kingdom
536531,47566,PARTY BUNTING,1,2024-12-03 10:15:00,4.65,17041,Germany
536423,22632,HAND WARMER RED POLKA DOT,5,2024-02-26 14:15:00,1.85,17012,United Kingdom
536654,22632,HAND WARMER RED POLKA DOT,8,2024-03-25 16:30:00,1.85,17072,Netherlands
536400,22961,JAM MAKING SET PRINTED,3,2024-11-08 18:15:00,1.45,17008,United Kingdom
536588,22086,PAPER CHAIN KIT 50'S CHRISTMAS,1,2024-10-28 13:45:00,2.55,17056,Netherlands
536394,22633,HAND WARMER UNION JACK,6,2024-02-15 18:15:00,1.85,17007,United Kingdom
536580,22086,PAPER CHAIN KIT 50'S CHRISTMAS,3,2024-07-29 12:45:00,2.55,17053,United Kingdom
536369,22748,POPPY'S PLAYHOUSE KITCHEN,11,2024-06-22 09:15:00,2.10,17000,United Kingdom
536552,21755,LOVE BUILDING BLOCK WORD,2,2024-11-27 13:30:00,5.95,17048,United Kingdom
536453,22632,HAND WARMER RED POLKA DOT,8,2024-03-26 11:30:00,1.85,17020,United Kingdom
536385,22745,POPPY'S PLAYHOUSE BEDROOM,4,2024-10-30 18:30:00,2.10,17005,United Kingdom
536378,22752,SET 7 BABUSHKA NESTING BOXES,9,2024-05-22 11:30:00,7.65,17003,France
536437,20727,LUNCH BAG BLACK SKULL,12,2024-02-19 11:30:00,1.65,17017,EIRE
536626,84029G,KNITTED UNION FLAG HOT WATER BOTTLE,7,2024-08-19 18:45:00,3.39,17065,Spain
536636,21034,REX CASH+CARRY JUMBO SHOPPER,1,2024-04-06 12:30:00,0.95,17068,United Kingdom
536497,22745,POPPY'S PLAYHOUSE BEDROOM,11,2024-06-20 12:45:00,2.10,17034,Netherlands
536383,84879,ASSORTED COLOUR BIRD ORNAMENT,2,2024-08-17 14:30:00,1.69,17004,United Kingdom
536532,22086,PAPER CHAIN KIT 50'S CHRISTMAS,6,2024-07-10 12:30:00,2.55,17042,United Kingdom
536509,21034,REX CASH+CARRY JUMBO SHOPPER,4,2024-11-05 16:15:00,0.95,17037,United Kingdom
536549,22086,PAPER CHAIN KIT 50'S CHRISTMAS,11,2024-10-15 15:45:00,2.55,17047,United Kingdom
536591,22086,PAPER CHAIN KIT 50'S CHRISTMAS,12,2024-03-24 16:00:00,2.55,17056,Netherlands
536375,22632,HAND WARMER RED POLKA DOT,7,2024-03-19 15:15:00,1.85,17002,United Kingdom
536397,22086,PAPER CHAIN KIT 50'S CHRISTMAS,9,2024-02-20 12:45:00,2.55,17007,United Kingdom
536421,22632,HAND WARMER RED POLKA DOT,12,2024-08-22 10:00:00,1.85,17012,United Kingdom
536378,22633,HAND WARMER UNION JACK,11,2024-05-22 11:30:00,1.85,17003,France
536678,84969,BOX OF 6 ASSORTED COLOUR TEASPOONS,7,2024-02-04 10:30:00,4.25,17078,EIRE
536580,21034,REX CASH+CARRY JUMBO SHOPPER,9,2024-07-29 12:45:00,0.95,17053,United Kingdom
536501,22910,PAPER CHAIN KIT VINTAGE CHRISTMAS,6,2024-01-12 18:15:00,2.95,17036,United Kingdom
536585,20727,LUNCH BAG BLACK SKULL,6,2024-05-21 12:30:00,1.65,17055,United Kingdom
536371,47566,PARTY BUNTING,4,2024-03-05 13:45:00,4.65,17001,France
536387,22749,FELTCRAFT PRINCESS CHARLOTTE DOLL,4,2024-08-23 11:45:00,3.75,17005,United Kingdom
536683,22174,PHOTO CUBE,3,2024-10-21 09:30:00,2.10,17079,United Kingdom
536588,47566,PARTY BUNTING,9,2024-10-28 13:45:00,4.65,17056,Netherlands
536639,20727,LUNCH BAG BLACK SKULL,3,2024-04-06 10:30:00,1.65,17068,United Kingdom
536641,22748,POPPY'S PLAYHOUSE KITCHEN,5,2024-11-30 12:30:00,2.10,17069,United Kingdom
536485,22174,PHOTO CUBE,10,2024-01-11 15:30:00,2.10,17032,EIRE
536387,22423,REGENCY CAKESTAND 3 TIER,7,2024-08-23 11:45:00,12.75,17005,United Kingdom
536402,22174,PHOTO CUBE,4,2024-04-01 13:30:00,2.10,17008,United Kingdom
536424,22910,PAPER CHAIN KIT VINTAGE CHRISTMAS,2,2024-01-22 11:30:00,2.95,17013,Germany
536400,84879,ASSORTED COLOUR BIRD ORNAMENT,7,2024-11-08 18:15:00,1.69,17008,United Kingdom
536454,22913,RED COAT RACK PARIS FASHION,4,2024-07-02 15:15:00,4.95,17021,United Kingdom
536430,22752,SET 7 BABUSHKA NESTING BOXES,8,2024-02-15 11:45:00,7.65,17014,France
536557,85099B,JUMBO BAG RED RETROSPOT,3,2024-07-24 15:30:00,1.95,17049,United Kingdom
536404,22913,RED COAT RACK PARIS FASHION,3,2024-09-17 13:45:00,4.95,17009,United Kingdom
536558,22383,LUNCH BAG SUKI DESIGN,2,2024-03-09 15:00:00,1.65,17049,United Kingdom
536612,22632,HAND WARMER RED POLKA DOT,6,2024-08-15 14:15:00,1.85,17061,United Kingdom
536401,22633,HAND WARMER UNION JACK,2,2024-08-25 18:45:00,1.85,17008,United Kingdom
536429,22383,LUNCH BAG SUKI DESIGN,10,2024-06-14 14:15:00,1.65,17014,France
536399,22748,POPPY'S PLAYHOUSE KITCHEN,7,2024-02-29 09:30:00,2.10,17008,United Kingdom
536597,22467,GUMBALL COAT RACK,1,2024-05-03 10:45:00,2.55,17057,United Kingdom
536576,47566,PARTY BUNTING,10,2024-07-01 16:00:00,4.65,17052,France
536374,22910,PAPER CHAIN KIT VINTAGE CHRISTMAS,4,2024-05-29 16:15:00,2.95,17002,United Kingdom
536453,22310,IVORY KNITTED MUG COSY,8,2024-03-26 11:30:00,1.65,17020,United Kingdom
536564,22910,PAPER CHAIN KIT VINTAGE CHRISTMAS,9,2024-01-31 10:30:00,2.95,17050,United Kingdom
536675,84969,BOX OF 6 ASSORTED COLOUR TEASPOONS,10,2024-03-18 15:15:00,4.25,17078,EIRE
536464,21755,LOVE BUILDING BLOCK WORD,5,2024-03-31 16:30:00,5.95,17024,United Kingdom
536670,21931,JUMBO STORAGE BAG SUKI,2,2024-01-30 09:30:00,1.95,17076,United Kingdom
536513,22632,HAND WARMER RED POLKA DOT,2,2024-07-08 15:00:00,1.85,17038,United Kingdom
536533,22310,IVORY KNITTED MUG COSY,10,2024-02-23 13:00:00,1.65,17042,United Kingdom
536619,47566,PARTY BUNTING,4,2024-05-17 11:00:00,4.65,17063,United Kingdom
536489,22960,JAM MAKING SET WITH JARS,7,2024-02-11 13:00:00,4.25,17033,United Kingdom
536598,21754,HOME BUILDING BLOCK WORD,3,2024-08-15 13:15:00,5.95,17057,United Kingdom
536404,21730,GLASS STAR FROSTED T-LIGHT HOLDER,4,2024-09-17 13:45:00,4.25,17009,United Kingdom
536469,22310,IVORY KNITTED MUG COSY,12,2024-03-16 14:00:00,1.65,17026,Spain
536558,85099B,JUMBO BAG RED RETROSPOT,10,2024-03-09 15:00:00,1.95,17049,United Kingdom
536455,22310,IVORY KNITTED MUG COSY,4,2024-10-29 14:15:00,1.65,17021,United Kingdom
536465,22748,POPPY'S PLAYHOUSE KITCHEN,10,2024-02-08 10:45:00,2.10,17025,United Kingdom
536500,22633,HAND WARMER UNION JACK,3,2024-05-06 15:00:00,1.85,17035,United Kingdom
536371,22178,VICTORIAN GLASS HANGING T-LIGHT,9,2024-03-05 13:45:00,1.25,17001,France
536629,21754,HOME BUILDING BLOCK WORD,4,2024-10-23 11:15:00,5.95,17066,France
536402,22910,PAPER CHAIN KIT VINTAGE CHRISTMAS,11,2024-04-01 13:30:00,2.95,17008,United Kingdom
536672,84991,60 TEATIME FAIRY CAKE CASES,10,2024-11-15 16:15:00,0.55,17077,EIRE
536660,47566,PARTY BUNTING,5,2024-09-15 12:45:00,4.65,17073,United Kingdom
536387,22086,PAPER CHAIN KIT 50'S CHRISTMAS,3,2024-08-23 11:45:00,2.55,17005,United Kingdom
536627,84991,60 TEATIME FAIRY CAKE CASES,9,2024-08-20 15:30:00,0.55,17065,Spain
536494,20727,LUNCH BAG BLACK SKULL,4,2024-03-06 13:30:00,1.65,17034,Netherlands
536483,21754,HOME BUILDING BLOCK WORD,7,2024-02-23 09:30:00,5.95,17031,United Kingdom
536398,22086,PAPER CHAIN KIT 50'S CHRISTMAS,5,2024-10-15 14:30:00,2.55,17007,United Kingdom
536594,22623,BOX OF VINTAGE JIGSAW BLOCKS,5,2024-05-25 16:30:00,4.95,17057,United Kingdom
536580,22745,POPPY'S PLAYHOUSE BEDROOM,4,2024-07-29 12:45:00,2.10,17053,United Kingdom
536679,22423,REGENCY CAKESTAND 3 TIER,9,2024-06-03 10:00:00,12.75,17078,EIRE
536521,22748,POPPY'S PLAYHOUSE KITCHEN,5,2024-04-30 18:00:00,2.10,17039,Spain
536683,22086,PAPER CHAIN KIT 50'S CHRISTMAS,1,2024-10-21 09:30:00,2.55,17079,United Kingdom
536515,21931,JUMBO STORAGE BAG SUKI,4,2024-05-27 13:45:00,1.95,17038,United Kingdom
536608,47566,PARTY BUNTING,4,2024-03-02 16:15:00,4.65,17060,United Kingdom
536513,22633,HAND WARMER UNION JACK,4,2024-07-08 15:00:00,1.85,17038,United Kingdom
536637,21931,JUMBO STORAGE BAG SUKI,12,2024-06-09 18:30:00,1.95,17068,United Kingdom
536649,47566,PARTY BUNTING,4,2024-11-16 17:45:00,4.65,17071,United Kingdom
536680,21212,PACK OF 72 RETROSPOT CAKE CASES,10,2024-12-03 09:30:00,0.55,17079,United Kingdom
536537,20727,LUNCH BAG BLACK SKULL,11,2024-05-19 17:15:00,1.65,17043,United Kingdom
536523,21977,PACK OF 60 PINK PAISLEY CAKE CASES,10,2024-10-14 10:30:00,0.55,17040,United Kingdom
536621,22910,PAPER CHAIN KIT VINTAGE CHRISTMAS,2,2024-02-08 13:45:00,2.95,17064,United Kingdom
536682,21777,RECIPE BOX WITH METAL HEART,4,2024-03-26 11:15:00,7.95,17079,United Kingdom
536417,22745,POPPY'S PLAYHOUSE BEDROOM,2,2024-04-28 16:45:00,2.10,17011,United Kingdom
536677,22960,JAM MAKING SET WITH JARS,5,2024-10-20 10:15:00,4.25,17078,EIRE
536429,84029G,KNITTED UNION FLAG HOT WATER BOTTLE,3,2024-06-14 14:15:00,3.39,17014,France
536508,22623,BOX OF VINTAGE JIGSAW BLOCKS,5,2024-06-19 13:00:00,4.95,17037,United Kingdom
536408,21754,HOME BUILDING BLOCK WORD,11,2024-03-24 16:45:00,5.95,17009,United Kingdom
536427,22086,PAPER CHAIN KIT 50'S CHRISTMAS,2,2024-08-18 09:45:00,2.55,17013,Germany
536395,22086,PAPER CHAIN KIT 50'S CHRISTMAS,5,2024-08-14 14:00:00,2.55,17007,United Kingdom
536661,22633,HAND WARMER UNION JACK,5,2024-10-26 13:45:00,1.85,17074,United Kingdom
536554,48187,DOORMAT NEW ENGLAND,9,2024-09-26 13:30:00,7.95,17048,United Kingdom
536600,22467,GUMBALL COAT RACK,1,2024-01-17 11:00:00,2.55,17058,France
536643,22623,BOX OF VINTAGE JIGSAW BLOCKS,3,2024-08-22 09:15:00,4.95,17069,United Kingdom
536681,47566,PARTY BUNTING,12,2024-10-05 17:45:00,4.65,17079,United Kingdom
536524,22960,JAM MAKING SET WITH JARS,11,2024-03-26 09:30:00,4.25,17040,United Kingdom
536671,22632,HAND WARMER RED POLKA DOT,7,2024-05-04 10:30:00,1.85,17077,EIRE
536373,84969,BOX OF 6 ASSORTED COLOUR TEASPOONS,9,2024-06-15 15:30:00,4.25,17002,United Kingdom
536674,84879,ASSORTED COLOUR BIRD ORNAMENT,12,2024-01-28 16:00:00,1.69,17077,EIRE
536562,23203,JUMBO BAG VINTAGE DOILY,7,2024-02-10 12:15:00,2.08,17050,United Kingdom
536419,47566,PARTY BUNTING,6,2024-11-03 12:15:00,4.65,17011,United Kingdom
536569,22748,POPPY'S PLAYHOUSE KITCHEN,3,2024-01-23 18:45:00,2.10,17051,United Kingdom
536518,22748,POPPY'S PLAYHOUSE KITCHEN,6,2024-05-08 18:30:00,2.10,17039,Spain
536534,22752,SET 7 BABUSHKA NESTING BOXES,11,2024-05-16 12:45:00,7.65,17043,United Kingdom
536541,22960,JAM MAKING SET WITH JARS,9,2024-04-01 15:00:00,4.25,17045,United Kingdom
536545,84879,ASSORTED COLOUR BIRD ORNAMENT,2,2024-03-07 10:00:00,1.69,17046,United Kingdom
536462,21777,RECIPE BOX WITH METAL HEART,8,2024-09-09 12:15:00,7.95,17023,Germany
536418,22632,HAND WARMER RED POLKA DOT,9,2024-04-25 18:00:00,1.85,17011,United Kingdom
536470,22622,BOX OF VINTAGE ALPHABET BLOCKS,2,2024-07-03 11:30:00,9.95,17027,Germany
536476,84991,60 TEATIME FAIRY CAKE CASES,1,2024-05-04 15:15:00,0.55,17028,United Kingdom
536408,22632,HAND WARMER RED POLKA DOT,7,2024-03-24 16:45:00,1.85,17009,United Kingdom
536530,22632,HAND WARMER RED POLKA DOT,5,2024-05-24 14:00:00,1.85,17041,Germany
536528,22633,HAND WARMER UNION JACK,10,2024-10-16 14:30:00,1.85,17041,Germany
536394,22910,PAPER CHAIN KIT VINTAGE CHRISTMAS,9,2024-02-15 18:15:00,2.95,17007,United Kingdom
536565,47566,PARTY BUNTING,2,2024-03-11 09:00:00,4.65,17050,United Kingdom
536605,47566,PARTY BUNTING,10,2024-06-18 17:30:00,4.65,17059,France
536683,21754,HOME BUILDING BLOCK WORD,6,2024-10-21 09:30:00,5.95,17079,United Kingdom
536519,22745,POPPY'S PLAYHOUSE BEDROOM,2,2024-06-21 09:00:00,2.10,17039,Spain
536396,47566,PARTY BUNTING,4,2024-05-12 10:30:00,4.65,17007,United Kingdom
536460,22423,REGENCY CAKESTAND 3 TIER,4,2024-08-05 17:45:00,12.75,17023,Germany
536566,22745,POPPY'S PLAYHOUSE BEDROOM,10,2024-09-13 14:30:00,2.10,17051,United Kingdom
536443,21034,REX CASH+CARRY JUMBO SHOPPER,6,2024-10-13 14:15:00,0.95,17018,France
536628,21212,PACK OF 72 RETROSPOT CAKE CASES,6,2024-04-08 16:15:00,0.55,17066,France
536543,84991,60 TEATIME FAIRY CAKE CASES,2,2024-03-02 16:15:00,0.55,17045,United Kingdom
536450,47566,PARTY BUNTING,2,2024-09-24 12:00:00,4.65,17020,United Kingdom
536399,22623,BOX OF VINTAGE JIGSAW BLOCKS,2,2024-02-29 09:30:00,4.95,17008,United Kingdom
536460,21777,RECIPE BOX WITH METAL HEART,12,2024-08-05 17:45:00,7.95,17023,Germany
536511,47566,PARTY BUNTING,7,2024-06-18 16:30:00,4.65,17037,United Kingdom
536375,22174,PHOTO CUBE,8,2024-03-19 15:15:00,2.10,17002,United Kingdom
536657,22748,POPPY'S PLAYHOUSE KITCHEN,12,2024-04-09 14:00:00,2.10,17073,United Kingdom
536577,22622,BOX OF VINTAGE ALPHABET BLOCKS,5,2024-03-14 18:00:00,9.95,17053,United Kingdom
536664,85123A,WHITE HANGING HEART T-LIGHT HOLDER,3,2024-01-29 15:00:00,2.55,17075,United Kingdom
536637,85123A,WHITE HANGING HEART T-LIGHT HOLDER,5,2024-06-09 18:30:00,2.55,17068,United Kingdom
536510,22383,LUNCH BAG SUKI DESIGN,6,2024-09-30 15:30:00,1.65,17037,United Kingdom
536615,20725,LUNCH BAG RED RETROSPOT,10,2024-07-21 09:30:00,1.65,17062,United Kingdom
536640,22745,POPPY'S PLAYHOUSE BEDROOM,1,2024-06-23 11:00:00,2.10,17069,United Kingdom
536569,22622,BOX OF VINTAGE ALPHABET BLOCKS,10,2024-01-23 18:45:00,9.95,17051,United Kingdom
536402,22622,BOX OF VINTAGE ALPHABET BLOCKS,10,2024-04-01 13:30:00,9.95,17008,United Kingdom
536647,21931,JUMBO STORAGE BAG SUKI,11,2024-09-01 14:00:00,1.95,17071,United Kingdom
536522,20725,LUNCH BAG RED RETROSPOT,7,2024-08-09 11:45:00,1.65,17040,United Kingdom
536433,47566,PARTY BUNTING,7,2024-07-05 13:45:00,4.65,17016,United Kingdom
536382,84406B,CREAM CUPID HEARTS COAT HANGER,10,2024-10-08 14:00:00,2.75,17004,United Kingdom
536503,22086,PAPER CHAIN KIT 50'S CHRISTMAS,9,2024-06-18 11:45:00,2.55,17036,United Kingdom
536646,21212,PACK OF 72 RETROSPOT CAKE CASES,11,2024-06-10 17:45:00,0.55,17070,EIRE
536468,22310,IVORY KNITTED MUG COSY,11,2024-10-20 16:30:00,1.65,17026,Spain
536604,22910,PAPER CHAIN KIT VINTAGE CHRISTMAS,8,2024-11-19 14:00:00,2.95,17059,France
536528,47566,PARTY BUNTING,5,2024-10-16 14:30:00,4.65,17041,Germany
536436,22467,GUMBALL COAT RACK,5,2024-10-04 15:15:00,2.55,17017,EIRE
536635,22310,IVORY KNITTED MUG COSY,10,2024-11-23 10:15:00,1.65,17068,United Kingdom
536534,71053,WHITE METAL LANTERN,6,2024-05-16 12:45:00,3.39,17043,United Kingdom
536513,22423,REGENCY CAKESTAND 3 TIER,2,2024-07-08 15:00:00,12.75,17038,United Kingdom
536454,22752,SET 7 BABUSHKA NESTING BOXES,3,2024-07-02 15:15:00,7.65,17021,United Kingdom
536367,22623,BOX OF VINTAGE JIGSAW BLOCKS,8,2024-02-26 14:30:00,4.95,17000,United Kingdom
536381,84879,ASSORTED COLOUR BIRD ORNAMENT,11,2024-08-06 09:15:00,1.69,17004,United Kingdom
536490,22423,REGENCY CAKESTAND 3 TIER,10,2024-04-22 13:00:00,12.75,17033,United Kingdom
536630,84991,60 TEATIME FAIRY CAKE CASES,3,2024-09-19 17:00:00,0.55,17067,United Kingdom
536647,22745,POPPY'S PLAYHOUSE BEDROOM,8,2024-09-01 14:00:00,2.10,17071,United Kingdom
536536,22960,JAM MAKING SET WITH JARS,8,2024-06-07 13:45:00,4.25,17043,United Kingdom
536535,22086,PAPER CHAIN KIT 50'S CHRISTMAS,11,2024-05-28 13:30:00,2.55,17043,United Kingdom
536389,20727,LUNCH BAG BLACK SKULL,10,2024-04-29 16:15:00,1.65,17006,United Kingdom
536684,21755,LOVE BUILDING BLOCK WORD,10,2024-10-13 17:30:00,5.95,17079,United Kingdom
536528,22086,PAPER CHAIN KIT 50'S CHRISTMAS,8,2024-10-16 14:30:00,2.55,17041,Germany
536582,22910,PAPER CHAIN KIT VINTAGE CHRISTMAS,7,2024-07-22 15:30:00,2.95,17054,United Kingdom
536471,22633,HAND WARMER UNION JACK,4,2024-11-07 09:45:00,1.85,17027,Germany
536480,22174,PHOTO CUBE,1,2024-05-02 13:00:00,2.10,17029,Spain
536445,20727,LUNCH BAG BLACK SKULL,5,2024-09-18 14:30:00,1.65,17018,France
536629,22961,JAM MAKING SET PRINTED,1,2024-10-23 11:15:00,1.45,17066,France
536465,21730,GLASS STAR FROSTED T-LIGHT HOLDER,7,2024-02-08 10:45:00,4.25,17025,United Kingdom
536675,22961,JAM MAKING SET PRINTED,12,2024-03-18 15:15:00,1.45,17078,EIRE
536519,22622,BOX OF VINTAGE ALPHABET BLOCKS,6,2024-06-21 09:00:00,9.95,17039,Spain
536599,21754,HOME BUILDING BLOCK WORD,8,2024-08-11 12:30:00,5.95,17058,France
536370,21730,GLASS STAR FROSTED T-LIGHT HOLDER,9,2024-05-13 17:30:00,4.25,17001,France
536414,21755,LOVE BUILDING BLOCK WORD,8,2024-03-15 10:30:00,5.95,17010,United Kingdom
536579,20725,LUNCH BAG RED RETROSPOT,10,2024-06-17 15:30:00,1.65,17053,United Kingdom
536402,22745,POPPY'S PLAYHOUSE BEDROOM,10,2024-04-01 13:30:00,2.10,17008,United Kingdom
536552,71053,WHITE METAL LANTERN,11,2024-11-27 13:30:00,3.39,17048,United Kingdom
536665,20727,LUNCH BAG BLACK SKULL,10,2024-01-17 16:00:00,1.65,17075,United Kingdom
536636,20727,LUNCH BAG BLACK SKULL,9,2024-04-06 12:30:00,1.65,17068,United Kingdom
536536,84406B,CREAM CUPID HEARTS COAT HANGER,2,2024-06-07 13:45:00,2.75,17043,United Kingdom
536483,22623,BOX OF VINTAGE JIGSAW BLOCKS,5,2024-02-23 09:30:00,4.95,17031,United Kingdom
536449,84969,BOX OF 6 ASSORTED COLOUR TEASPOONS,6,2024-09-15 12:00:00,4.25,17019,United Kingdom
536413,84029G,KNITTED UNION FLAG HOT WATER BOTTLE,10,2024-07-28 13:00:00,3.39,17010,United Kingdom
536447,84029G,KNITTED UNION FLAG HOT WATER BOTTLE,6,2024-11-29 15:30:00,3.39,17019,United Kingdom
536601,22910,PAPER CHAIN KIT VINTAGE CHRISTMAS,6,2024-04-09 12:30:00,2.95,17059,France
536609,22633,HAND WARMER UNION JACK,2,2024-02-17 16:00:00,1.85,17061,United Kingdom
536460,22961,JAM MAKING SET PRINTED,12,2024-08-05 17:45:00,1.45,17023,Germany
536528,21754,HOME BUILDING BLOCK WORD,11,2024-10-16 14:30:00,5.95,17041,Germany
536618,21931,JUMBO STORAGE BAG SUKI,3,2024-01-30 12:15:00,1.95,17062,United Kingdom
536603,21777,RECIPE BOX WITH METAL HEART,3,2024-11-02 10:45:00,7.95,17059,France
536619,22745,POPPY'S PLAYHOUSE BEDROOM,11,2024-05-17 11:00:00,2.10,17063,United Kingdom
536486,22745,POPPY'S PLAYHOUSE BEDROOM,9,2024-04-19 18:15:00,2.10,17032,EIRE
536414,85099B,JUMBO BAG RED RETROSPOT,6,2024-03-15 10:30:00,1.95,17010,United Kingdom
536684,21212,PACK OF 72 RETROSPOT CAKE CASES,4,2024-10-13 17:30:00,0.55,17079,United Kingdom
536537,22961,JAM MAKING SET PRINTED,9,2024-05-19 17:15:00,1.45,17043,United Kingdom
536561,47566,PARTY BUNTING,11,2024-06-20 15:00:00,4.65,17050,United Kingdom
536557,21034,REX CASH+CARRY JUMBO SHOPPER,9,2024-07-24 15:30:00,0.95,17049,United Kingdom
536526,22961,JAM MAKING SET PRINTED,9,2024-07-24 11:30:00,1.45,17040,United Kingdom
536372,85123A,WHITE HANGING HEART T-LIGHT HOLDER,3,2024-03-26 14:15:00,2.55,17001,France
536577,20725,LUNCH BAG RED RETROSPOT,2,2024-03-14 18:00:00,1.65,17053,United Kingdom
536584,22086,PAPER CHAIN KIT 50'S CHRISTMAS,9,2024-10-09 18:30:00,2.55,17055,United Kingdom
536574,22910,PAPER CHAIN KIT VINTAGE CHRISTMAS,4,2024-10-27 11:00:00,2.95,17052,France
536611,22086,PAPER CHAIN KIT 50'S CHRISTMAS,7,2024-08-13 10:15:00,2.55,17061,United Kingdom
536451,22748,POPPY'S PLAYHOUSE KITCHEN,5,2024-06-14 15:45:00,2.10,17020,United Kingdom
536592,20727,LUNCH BAG BLACK SKULL,10,2024-02-07 12:30:00,1.65,17056,Netherlands
536568,22749,FELTCRAFT PRINCESS CHARLOTTE DOLL,11,2024-06-12 16:00:00,3.75,17051,United Kingdom
536398,22632,HAND WARMER RED POLKA DOT,9,2024-10-15 14:30:00,1.85,17007,United Kingdom
536656,22961,JAM MAKING SET PRINTED,11,2024-10-06 12:45:00,1.45,17072,Netherlands
536542,22423,REGENCY CAKESTAND 3 TIER,2,2024-11-22 09:00:00,12.75,17045,United Kingdom
536646,22748,POPPY'S PLAYHOUSE KITCHEN,12,2024-06-10 17:45:00,2.10,17070,EIRE
536476,47566,PARTY BUNTING,1,2024-05-04 15:15:00,4.65,17028,United Kingdom
536590,47566,PARTY BUNTING,7,2024-07-01 14:15:00,4.65,17056,Netherlands
536656,85123A,WHITE HANGING HEART T-LIGHT HOLDER,12,2024-10-06 12:45:00,2.55,17072,Netherlands
536413,22745,POPPY'S PLAYHOUSE BEDROOM,12,2024-07-28 13:00:00,2.10,17010,United Kingdom
536619,20725,LUNCH BAG RED RETROSPOT,7,2024-05-17 11:00:00,1.65,17063,United Kingdom
536672,21212,PACK OF 72 RETROSPOT CAKE CASES,5,2024-11-15 16:15:00,0.55,17077,EIRE
536412,21931,JUMBO STORAGE BAG SUKI,5,2024-05-17 16:30:00,1.95,17010,United Kingdom
536379,22633,HAND WARMER UNION JACK,7,2024-06-09 10:15:00,1.85,17003,France
536477,22632,HAND WARMER RED POLKA DOT,10,2024-02-01 09:45:00,1.85,17028,United Kingdom
536522,22310,IVORY KNITTED MUG COSY,12,2024-08-09 11:45:00,1.65,17040,United Kingdom
